,Time_spent_Alone,Stage_fear,Social_event_attendance,Going_outside,Drained_after_socializing,Friends_circle_size,Post_frequency,Personality
939,9.0,1,2.0,1.0,1,3.0,1.0,1
393,0.0,0,4.0,5.0,0,6.0,5.0,0
1672,4.505816002819881,0,8.0,6.0,0,5.0,7.0,0
2152,4.505816002819881,0,7.0,5.0,0,6.0,7.0,0
717,2.0,0,7.0,6.0,0,6.0,8.0,0
2351,1.0,0,7.0,3.0,0,8.0,5.0,0
1436,11.0,1,1.0,2.0,1,4.0,0.0,1
1770,4.0,1,3.963354474982382,2.0,1,3.0,0.0,1
2774,4.0,1,2.0,1.0,1,2.0,0.0,1
571,2.0,0,8.0,4.0,0,10.0,4.0,1
1161,3.0,0,5.0,4.0,0,8.0,9.0,0
2813,2.0,0,7.0,7.0,0,9.0,8.0,1
835,7.0,1,0.0,1.0,1,4.0,2.0,1
1823,1.0,0,9.0,3.0,0,7.0,8.0,0
1763,3.0,0,5.0,6.0,0,11.0,9.0,0
1167,3.0,0,9.0,6.0,0,10.0,4.0,0
789,1.0,0,5.0,5.0,0,9.0,5.0,0
2671,1.0,0,9.0,6.0,0,7.0,3.0,0
1657,0.0,0,9.0,4.0,0,10.0,3.0,0
1505,4.0,1,1.0,2.0,1,2.0,2.0,1
1064,0.0,0,4.0,7.0,0,7.0,6.0,0
1099,9.0,1,2.0,1.0,1,1.0,0.0,1
2735,3.0,0,5.0,4.0,0,13.0,5.0,0
1341,8.0,1,0.0,1.0,1,5.0,0.0,1
193,9.0,1,2.0,3.0,1,2.0,1.0,1
1024,9.0,1,0.0,1.0,1,4.0,1.0,1
1379,9.0,1,1.0,0.0,1,2.0,1.0,1
837,3.0,0,7.0,7.0,0,7.0,3.0,0
704,5.0,1,3.0,0.0,1,5.0,1.0,1
412,7.0,1,0.0,2.0,1,2.0,1.0,1
484,5.0,1,2.0,2.0,1,1.0,1.0,1
1274,3.0,0,8.0,6.0,0,14.0,6.0,0
2804,1.0,0,7.0,6.0,0,15.0,3.0,0
1646,10.0,1,0.0,0.0,1,4.0,0.0,1
2061,1.0,0,6.0,6.0,0,12.0,5.0,0
1361,3.0,0,8.0,6.0,0,6.0,9.0,0
893,7.0,0,0.0,0.0,1,5.0,2.0,1
1252,5.0,0,0.0,0.0,1,3.0,2.0,1
852,8.0,1,3.0,2.0,1,3.0,0.0,1
2585,0.0,0,6.0,5.0,0,6.0,3.0,0
879,3.0,0,9.0,3.0,0,11.0,4.0,0
946,0.0,0,6.0,5.0,0,7.0,5.0,0
686,2.0,0,4.0,7.0,0,13.0,4.0,0
1914,10.0,1,2.0,2.0,1,2.0,1.0,1
265,5.0,1,0.0,1.0,1,1.0,2.0,1
711,9.0,1,2.0,0.0,1,2.0,0.0,1
82,0.0,0,5.0,6.0,0,9.0,7.0,0
101,1.0,0,3.963354474982382,6.0,0,8.0,8.0,0
2726,9.0,1,0.0,2.0,1,3.0,1.0,1
2167,0.0,0,9.0,5.0,0,5.0,3.0,0
2286,2.0,0,7.0,5.0,0,10.0,5.0,0
1415,5.0,1,2.0,2.0,1,5.0,2.0,1
1790,11.0,1,1.0,2.0,1,2.0,2.0,0
403,9.0,1,0.0,1.0,1,3.0,1.0,1
495,4.0,1,3.0,0.0,1,3.0,0.0,1
2020,9.0,1,0.0,2.0,1,3.0,1.0,1
2113,9.0,1,0.0,2.0,1,1.0,2.0,1
1042,2.0,0,5.0,6.0,0,8.0,7.0,0
2030,0.0,0,8.0,4.0,0,6.0,4.0,0
2895,3.0,0,7.0,6.0,0,6.0,6.0,0
2299,10.0,1,3.0,2.0,0,3.0,2.0,1
2887,0.0,0,9.0,6.0,0,6.0,3.0,0
1640,8.0,1,0.0,0.0,1,2.0,1.0,0
195,1.0,0,6.0,7.0,0,13.0,10.0,0
2637,0.0,0,9.0,4.0,0,6.268862911795962,4.0,0
1284,0.0,0,8.0,5.0,0,9.0,5.0,0
267,4.0,1,0.0,1.0,1,1.0,1.0,1
2145,3.0,0,4.0,4.0,0,13.0,4.0,0
2878,2.0,0,7.0,4.0,0,12.0,8.0,0
572,5.0,1,2.0,0.0,1,4.0,1.0,1
2662,8.0,1,2.0,0.0,1,1.0,0.0,1
1135,2.0,0,7.0,5.0,0,14.0,5.0,0
350,3.0,0,4.0,7.0,0,5.0,6.0,0
1238,5.0,1,3.0,1.0,1,3.0,1.0,1
619,7.0,1,3.0,2.0,1,3.0,2.0,1
261,8.0,1,2.0,2.0,1,1.0,0.0,1
1169,0.0,0,4.0,5.0,0,8.0,5.0,1
2369,0.0,0,6.0,5.0,0,7.0,9.0,0
1386,1.0,0,5.0,4.0,0,14.0,7.0,0
724,7.0,1,2.0,2.0,1,0.0,0.0,1
773,3.0,0,6.0,7.0,0,13.0,6.0,0
2239,1.0,0,5.0,6.0,0,12.0,3.0,0
2445,2.0,0,3.963354474982382,5.0,0,8.0,8.0,0
1266,9.0,1,3.0,0.0,1,3.0,1.0,1
2243,11.0,1,2.0,0.0,1,4.0,1.0,0
1919,6.0,1,3.0,2.0,1,2.0,1.0,1
462,2.0,0,6.0,7.0,0,6.268862911795962,6.0,0
663,6.0,1,3.0,2.0,1,4.0,2.0,1
388,0.0,0,5.0,4.0,0,5.0,3.0,0
2158,3.0,0,7.0,5.0,0,15.0,6.0,0
2401,1.0,0,5.0,3.0,0,10.0,7.0,0
2762,2.0,0,9.0,3.0,0,12.0,5.0,0
2143,0.0,0,8.0,6.0,0,14.0,9.0,0
1309,1.0,0,4.0,6.0,0,10.0,4.0,0
2262,1.0,0,9.0,3.0,0,6.0,8.0,0
2126,6.0,1,3.0,0.0,1,5.0,2.0,1
1281,9.0,1,3.0,2.0,1,4.0,0.0,0
1126,0.0,0,6.0,5.0,0,14.0,6.0,0
876,0.0,0,4.0,4.0,0,14.0,7.0,0
1521,2.0,0,4.0,4.0,0,6.0,4.0,0
1612,1.0,0,5.0,4.0,0,7.0,6.0,0
263,9.0,1,1.0,1.0,1,2.0,1.0,1
1253,0.0,0,5.0,6.0,0,12.0,7.0,0
2076,5.0,1,2.0,0.0,1,4.0,3.564726631393298,1
2219,9.0,1,2.0,0.0,1,5.0,0.0,1
726,10.0,1,3.0,1.0,1,2.0,2.0,1
2327,3.0,0,7.0,4.0,0,8.0,4.0,0
2639,1.0,0,7.0,7.0,0,10.0,9.0,1
2850,0.0,0,9.0,3.0,0,11.0,3.0,0
1416,9.0,1,3.963354474982382,0.0,1,4.0,0.0,1
214,5.0,1,1.0,1.0,1,2.0,1.0,1
1485,8.0,1,3.963354474982382,0.0,1,3.0,0.0,1
2631,9.0,1,3.963354474982382,0.0,1,3.0,0.0,1
190,4.0,0,8.0,7.0,0,6.0,10.0,0
233,7.0,1,1.0,1.0,1,3.0,3.564726631393298,1
2193,0.0,0,9.0,6.0,0,8.0,7.0,0
2224,2.0,0,7.0,5.0,0,8.0,3.564726631393298,0
1033,10.0,1,0.0,2.0,1,0.0,1.0,1
2582,1.0,0,7.0,3.0,0,8.0,6.0,0
2627,7.0,1,1.0,0.0,1,6.268862911795962,1.0,1
145,3.0,0,6.0,7.0,0,15.0,9.0,0
1308,7.0,1,2.0,0.0,1,2.0,0.0,1
2876,1.0,0,7.0,6.0,0,5.0,9.0,0
2770,0.0,0,4.0,5.0,0,15.0,7.0,0
1236,2.0,0,4.0,4.0,0,11.0,9.0,0
1380,8.0,1,2.0,1.0,1,5.0,2.0,1
498,1.0,0,7.0,5.0,0,8.0,3.0,0
2122,4.0,1,0.0,1.0,1,5.0,0.0,1
750,0.0,0,4.0,4.0,0,14.0,9.0,0
361,1.0,0,3.0,6.0,0,4.0,7.0,0
2378,3.0,0,8.0,4.0,0,12.0,6.0,0
2594,9.0,1,2.0,1.0,1,3.0,3.564726631393298,1
934,1.0,0,5.0,7.0,0,12.0,3.0,0
581,2.0,0,9.0,7.0,0,7.0,8.0,0
1421,5.0,1,0.0,2.0,0,2.0,0.0,1
2045,3.0,0,8.0,5.0,0,15.0,7.0,0
1427,3.0,0,6.0,5.0,0,9.0,4.0,0
450,6.0,1,3.0,2.0,1,0.0,2.0,1
1660,4.505816002819881,0,4.0,3.0,0,5.0,5.0,0
802,10.0,1,3.0,2.0,1,3.0,1.0,0
1180,2.0,0,7.0,6.0,0,7.0,6.0,0
1822,8.0,1,1.0,1.0,1,2.0,1.0,1
1035,10.0,1,2.0,0.0,1,3.0,1.0,1
515,1.0,0,6.0,7.0,0,6.0,3.0,0
885,2.0,0,6.0,7.0,0,7.0,8.0,0
869,10.0,1,2.0,1.0,1,2.0,1.0,1
2233,5.0,1,0.0,2.0,1,3.0,0.0,1
2512,9.0,1,3.0,0.0,1,4.0,0.0,1
2055,9.0,1,1.0,1.0,1,4.0,1.0,1
2208,1.0,0,7.0,5.0,0,14.0,8.0,1
868,2.0,0,9.0,6.0,0,7.0,3.0,0
2575,0.0,0,7.0,4.0,0,11.0,6.0,0
2817,6.0,1,2.0,1.0,1,2.0,1.0,1
433,2.0,0,8.0,7.0,0,12.0,5.0,0
46,4.0,0,7.0,4.0,0,13.0,10.0,0
680,2.0,0,7.0,4.0,0,13.0,7.0,0
2110,8.0,1,1.0,2.0,1,3.0,0.0,0
693,8.0,1,3.0,2.0,1,1.0,2.0,1
1345,6.0,1,2.0,2.0,1,0.0,0.0,1
2304,7.0,1,3.963354474982382,2.0,1,1.0,2.0,1
1195,1.0,0,4.0,4.0,0,10.0,6.0,0
1359,0.0,0,4.0,5.0,0,14.0,7.0,0
2555,9.0,1,2.0,2.0,1,1.0,0.0,0
646,9.0,1,0.0,0.0,1,4.0,0.0,1
1408,1.0,0,9.0,3.0,0,8.0,7.0,0
2689,5.0,1,0.0,1.0,1,4.0,1.0,1
1669,8.0,1,3.0,2.0,1,3.0,2.0,1
790,2.0,0,7.0,4.0,0,12.0,7.0,1
226,9.0,1,2.0,0.0,1,1.0,1.0,1
230,8.0,1,2.0,2.0,0,1.0,0.0,1
4,3.0,0,9.0,4.0,0,8.0,5.0,0
1608,10.0,1,2.0,2.0,1,3.0,0.0,1
2384,3.0,0,6.0,5.0,0,12.0,5.0,0
1626,3.0,0,7.0,3.0,0,11.0,3.0,0
2651,8.0,1,2.0,0.0,1,4.0,1.0,0
2353,3.0,0,4.0,6.0,0,9.0,3.0,0
754,0.0,0,5.0,4.0,0,12.0,6.0,0
1577,7.0,1,2.0,1.0,1,1.0,2.0,1
534,8.0,1,3.0,0.0,1,0.0,2.0,1
2112,1.0,0,9.0,4.0,0,15.0,3.564726631393298,0
1158,6.0,1,1.0,2.0,1,5.0,0.0,0
776,4.505816002819881,0,6.0,5.0,0,12.0,7.0,0
2197,2.0,0,6.0,3.0,0,15.0,5.0,0
1504,1.0,0,7.0,3.0,0,12.0,3.0,0
661,0.0,0,8.0,5.0,0,9.0,8.0,0
34,10.0,1,1.0,1.0,1,3.0,2.0,1
627,2.0,0,6.0,4.0,0,11.0,4.0,0
1782,0.0,0,7.0,5.0,0,13.0,7.0,0
928,10.0,1,2.0,0.0,1,1.0,1.0,1
2207,3.0,0,4.0,4.0,0,14.0,3.0,0
957,1.0,0,4.0,5.0,0,7.0,7.0,0
1448,0.0,0,7.0,4.0,0,8.0,4.0,0
1854,8.0,1,2.0,1.0,1,6.268862911795962,2.0,1
75,7.0,1,3.0,3.0,1,2.0,0.0,1
2825,10.0,1,2.0,2.0,1,1.0,0.0,0
1868,10.0,1,1.0,0.0,1,5.0,2.0,1
416,5.0,1,1.0,1.0,1,5.0,2.0,1
1208,2.0,0,4.0,5.0,0,13.0,9.0,0
2192,0.0,0,3.963354474982382,4.0,0,10.0,4.0,0
1285,0.0,0,4.0,4.0,0,7.0,4.0,0
1041,1.0,0,4.0,6.0,0,8.0,7.0,1
923,3.0,0,5.0,6.0,0,11.0,6.0,0
2544,7.0,1,2.0,2.0,1,4.0,0.0,1
1956,9.0,1,1.0,0.0,1,1.0,1.0,1
1955,7.0,1,2.0,0.0,1,3.0,1.0,1
550,0.0,0,7.0,4.0,0,14.0,3.564726631393298,1
1828,6.0,1,0.0,0.0,1,2.0,2.0,1
445,10.0,1,1.0,2.0,1,0.0,0.0,1
820,5.0,1,2.0,1.0,1,1.0,2.0,1
1447,1.0,0,5.0,6.0,0,11.0,3.0,0
512,6.0,1,1.0,0.0,1,4.0,0.0,1
1905,6.0,1,1.0,0.0,1,6.268862911795962,1.0,1
689,9.0,1,2.0,2.0,1,1.0,2.0,0
2396,0.0,0,7.0,3.0,0,5.0,6.0,0
209,5.0,1,0.0,1.0,1,2.0,1.0,1
1842,11.0,1,2.0,2.0,1,2.0,2.0,1
2625,1.0,0,4.0,4.0,0,8.0,7.0,0
2000,10.0,1,3.0,0.0,1,3.0,1.0,1
2838,7.0,1,3.0,1.0,1,6.268862911795962,1.0,1
553,6.0,1,3.0,0.0,1,1.0,2.0,1
1177,2.0,0,6.0,7.0,0,14.0,8.0,0
807,9.0,1,2.0,0.0,1,5.0,0.0,1
1578,1.0,0,4.0,3.0,0,12.0,7.0,0
1222,0.0,0,8.0,7.0,0,13.0,7.0,0
2872,0.0,0,6.0,4.0,0,13.0,3.0,0
674,10.0,1,0.0,3.0,1,5.0,2.0,1
1205,4.0,1,3.0,0.0,1,5.0,1.0,1
2841,4.0,1,2.0,0.0,1,3.0,0.0,1
1179,10.0,1,3.0,0.0,1,0.0,0.0,1
2064,11.0,1,0.0,2.0,1,3.0,0.0,1
1633,4.505816002819881,0,9.0,5.0,0,10.0,3.0,0
2249,3.0,0,9.0,4.0,0,8.0,8.0,0
2332,0.0,0,5.0,3.0,0,14.0,7.0,0
2166,2.0,0,4.0,4.0,0,10.0,5.0,0
882,4.0,1,0.0,2.0,1,0.0,1.0,0
1513,1.0,0,7.0,4.0,0,13.0,4.0,0
1478,4.505816002819881,1,3.0,2.0,1,5.0,2.0,1
2595,3.0,0,4.0,6.0,0,12.0,4.0,0
722,2.0,0,5.0,4.0,0,8.0,8.0,0
1062,0.0,0,5.0,4.0,0,9.0,9.0,0
14,6.0,1,3.0,0.0,1,1.0,3.0,1
427,6.0,1,2.0,0.0,1,2.0,0.0,1
1903,0.0,0,7.0,4.0,0,9.0,8.0,0
2320,4.505816002819881,0,6.0,3.0,0,12.0,5.0,0
1971,3.0,0,8.0,3.0,0,11.0,7.0,0
953,2.0,0,7.0,4.0,0,9.0,4.0,0
464,2.0,0,4.0,7.0,0,9.0,8.0,0
414,1.0,0,9.0,5.0,0,9.0,8.0,0
2681,2.0,0,6.0,3.0,0,8.0,3.0,0
2793,2.0,0,7.0,6.0,0,6.0,7.0,0
319,1.0,0,7.0,6.0,0,6.0,3.0,0
2475,5.0,1,3.963354474982382,2.0,1,2.0,1.0,1
1826,10.0,1,3.0,1.0,1,1.0,2.0,1
735,2.0,0,5.0,6.0,0,12.0,3.0,0
1316,0.0,0,6.0,4.0,0,8.0,6.0,0
748,0.0,0,6.0,4.0,0,13.0,8.0,0
452,9.0,1,1.0,2.0,1,0.0,0.0,1
1601,11.0,1,2.0,0.0,1,3.0,2.0,1
1954,3.0,0,8.0,5.0,0,10.0,3.564726631393298,0
1678,0.0,0,4.0,6.0,0,14.0,5.0,0
2397,9.0,1,2.0,1.0,1,1.0,1.0,1
2640,1.0,0,9.0,3.0,0,8.0,9.0,0
828,3.0,0,7.0,4.0,0,14.0,7.0,0
2121,9.0,1,2.0,2.0,1,3.0,2.0,1
2057,10.0,1,3.0,1.0,1,4.0,1.0,1
2431,1.0,0,7.0,3.0,0,10.0,3.564726631393298,0
1984,0.0,0,8.0,3.0,0,11.0,4.0,0
2791,6.0,1,3.0,2.0,1,1.0,1.0,1
308,0.0,0,5.0,5.0,0,6.268862911795962,9.0,0
134,2.0,0,10.0,6.0,0,11.0,8.0,0
1369,2.0,0,9.0,7.0,0,8.0,5.0,0
470,6.0,1,0.0,0.0,1,3.0,2.0,1
2653,9.0,1,2.0,0.0,1,3.0,2.0,1
696,4.0,1,1.0,0.0,1,3.0,2.0,1
889,2.0,0,9.0,5.0,0,7.0,6.0,0
516,8.0,1,2.0,2.0,1,4.0,2.0,1
638,1.0,0,7.0,4.0,0,14.0,4.0,0
2623,2.0,0,4.0,3.0,0,9.0,4.0,0
1603,2.0,0,8.0,6.0,0,15.0,7.0,0
1095,0.0,0,7.0,4.0,0,14.0,6.0,0
2067,10.0,1,3.963354474982382,2.0,0,1.0,2.0,1
1296,5.0,0,0.0,1.0,1,4.0,0.0,1
329,1.0,0,4.0,7.0,0,4.0,7.0,0
2406,0.0,0,4.0,4.0,0,8.0,3.0,0
1535,10.0,1,1.0,2.0,1,5.0,1.0,1
975,0.0,0,7.0,4.0,0,11.0,4.0,0
2267,9.0,1,2.0,2.0,1,5.0,2.0,1
2065,10.0,1,3.0,2.0,1,1.0,2.0,1
2291,3.0,0,6.0,4.0,0,11.0,5.0,0
1173,1.0,0,6.0,5.0,0,9.0,5.0,0
608,4.0,1,0.0,0.0,1,3.0,1.0,1
1330,7.0,1,1.0,2.0,1,2.0,0.0,1
478,9.0,1,2.0,0.0,1,4.0,0.0,1
1721,11.0,1,0.0,0.0,1,2.0,2.0,0
1816,4.0,1,2.0,1.0,1,4.0,0.0,1
1573,5.0,1,0.0,1.0,1,5.0,2.0,1
1998,7.0,1,3.963354474982382,0.0,1,1.0,0.0,1
2446,10.0,1,3.0,0.0,1,6.268862911795962,2.0,1
2892,9.0,1,2.0,0.0,1,1.0,2.0,1
1084,10.0,1,3.0,2.0,1,4.0,2.0,1
2866,3.0,0,8.0,3.0,0,6.0,7.0,0
1902,4.505816002819881,1,0.0,1.0,1,1.0,0.0,1
962,10.0,1,3.0,0.0,1,3.0,1.0,1
758,11.0,1,1.0,0.0,1,4.0,1.0,1
151,2.0,0,6.0,4.0,0,13.0,5.0,0
436,3.0,0,7.0,7.0,0,9.0,8.0,0
1233,10.0,1,2.0,1.0,1,4.0,2.0,1
2408,10.0,1,0.0,2.0,1,2.0,2.0,1
1768,0.0,0,8.0,7.0,0,11.0,7.0,1
2568,9.0,1,0.0,1.0,1,5.0,2.0,1
162,3.0,0,10.0,5.0,0,14.0,4.0,0
2409,1.0,0,8.0,3.0,0,8.0,4.0,0
74,10.0,1,2.0,0.0,1,3.0,1.0,1
2009,0.0,0,6.0,6.0,0,15.0,9.0,0
84,4.0,0,4.0,7.0,0,6.0,8.0,0
29,0.0,0,9.0,4.0,0,14.0,7.0,0
1079,5.0,1,2.0,3.0,1,4.0,3.564726631393298,1
1802,1.0,0,8.0,3.0,0,5.0,9.0,0
2016,9.0,1,3.0,3.0,1,4.0,2.0,1
737,1.0,0,6.0,4.0,0,13.0,4.0,0
1318,1.0,0,6.0,5.0,0,8.0,3.0,0
1354,4.0,1,2.0,0.0,1,4.0,1.0,1
471,2.0,0,9.0,6.0,0,11.0,8.0,0
127,4.0,0,4.0,7.0,0,15.0,8.0,0
2711,4.505816002819881,0,4.0,6.0,0,12.0,3.0,0
1506,4.0,1,3.0,1.0,1,4.0,1.0,1
2649,1.0,0,6.0,6.0,0,7.0,7.0,0
732,2.0,0,9.0,6.0,0,10.0,9.0,0
1926,6.0,1,3.0,1.0,1,4.0,1.0,1
1375,5.0,1,3.0,0.0,1,0.0,1.0,1
530,8.0,1,2.0,2.0,1,0.0,0.0,1
1976,5.0,1,0.0,1.0,1,4.0,2.0,1
1509,7.0,1,3.0,2.0,1,2.0,1.0,1
2151,0.0,0,9.0,3.0,0,15.0,3.564726631393298,0
2677,8.0,1,1.0,0.0,1,3.0,1.0,0
629,0.0,0,5.0,7.0,0,6.0,9.0,0
250,7.0,1,0.0,0.0,1,3.0,1.0,1
666,3.0,0,4.0,5.0,0,11.0,4.0,0
259,9.0,1,1.0,1.0,1,2.0,2.0,1
899,10.0,1,0.0,2.0,1,0.0,1.0,1
1282,10.0,1,3.0,2.0,1,2.0,0.0,1
1733,8.0,1,2.0,2.0,1,1.0,0.0,1
2703,3.0,0,4.0,5.0,0,12.0,4.0,0
531,4.0,1,2.0,0.0,1,3.0,1.0,1
1207,5.0,1,3.0,1.0,1,1.0,1.0,0
2865,1.0,0,6.0,7.0,0,13.0,7.0,1
978,5.0,1,3.0,0.0,1,0.0,1.0,1
1389,5.0,1,0.0,2.0,1,1.0,1.0,1
2542,0.0,0,9.0,5.0,0,14.0,4.0,0
1262,1.0,0,4.0,4.0,0,11.0,5.0,0
2539,1.0,0,9.0,3.0,0,5.0,3.0,0
2695,7.0,1,3.963354474982382,1.0,1,2.0,1.0,1
2433,4.0,1,1.0,2.0,1,2.0,2.0,1
1777,6.0,1,0.0,2.0,1,1.0,1.0,1
948,4.505816002819881,0,4.0,4.0,0,11.0,3.0,1
1966,0.0,0,7.0,7.0,0,12.0,5.0,1
2006,7.0,1,1.0,0.0,1,1.0,0.0,1
1201,8.0,1,3.0,0.0,1,0.0,0.0,1
390,2.0,0,7.0,4.0,0,5.0,6.0,0
1255,3.0,0,7.0,6.0,0,6.0,6.0,0
381,2.0,0,5.0,5.0,0,7.0,6.0,0
423,4.0,1,2.0,0.0,1,1.0,2.0,0
796,6.0,1,2.0,2.0,1,0.0,1.0,1
908,5.0,1,0.0,1.0,1,6.268862911795962,1.0,1
2794,7.0,1,3.963354474982382,0.0,1,1.0,2.0,1
2823,11.0,1,0.0,1.0,1,3.0,1.0,1
6,4.0,0,9.0,3.0,0,7.0,7.0,0
1742,9.0,1,2.0,2.0,1,1.0,0.0,1
870,9.0,1,1.0,1.0,1,0.0,1.0,1
2334,4.0,1,1.0,0.0,1,6.268862911795962,2.0,1
659,1.0,0,6.0,4.0,0,13.0,3.0,0
2163,2.0,0,7.0,3.0,0,6.268862911795962,9.0,0
508,7.0,1,0.0,1.0,1,1.0,0.0,1
2498,1.0,0,5.0,3.0,0,5.0,7.0,0
2115,3.0,0,8.0,5.0,0,6.268862911795962,8.0,0
2144,5.0,1,2.0,2.0,1,2.0,2.0,1
1978,2.0,0,9.0,6.0,0,12.0,5.0,0
1460,9.0,1,3.0,1.0,1,2.0,0.0,1
401,8.0,1,2.0,1.0,1,2.0,2.0,1
1681,6.0,1,0.0,1.0,1,2.0,2.0,1
2698,2.0,0,5.0,4.0,0,6.0,8.0,0
1406,4.0,1,3.0,2.0,1,3.0,2.0,1
2366,0.0,0,4.0,6.0,0,10.0,4.0,0
1740,3.0,0,9.0,3.0,0,7.0,5.0,0
168,1.0,0,5.0,7.0,0,9.0,7.0,0
1325,5.0,1,1.0,0.0,1,3.0,2.0,1
505,0.0,0,6.0,7.0,0,8.0,7.0,0
1780,9.0,1,3.0,2.0,1,4.0,0.0,1
1686,6.0,1,0.0,2.0,1,5.0,2.0,1
1297,6.0,1,3.0,1.0,1,0.0,1.0,1
804,2.0,0,9.0,5.0,0,9.0,9.0,0
380,3.0,0,5.0,6.0,0,6.268862911795962,9.0,0
699,3.0,0,4.0,5.0,0,8.0,3.0,0
1031,7.0,1,1.0,1.0,1,5.0,0.0,1
1057,3.0,0,8.0,5.0,0,13.0,8.0,0
1012,2.0,0,7.0,6.0,0,14.0,7.0,0
2784,1.0,0,8.0,3.0,0,12.0,9.0,0
2330,5.0,1,0.0,1.0,1,4.0,1.0,1
1915,4.0,0,2.0,1.0,1,4.0,1.0,1
2781,6.0,1,0.0,0.0,1,4.0,0.0,1
297,7.0,1,1.0,1.0,1,1.0,2.0,1
1717,0.0,0,6.0,7.0,0,13.0,9.0,1
926,2.0,0,5.0,6.0,0,9.0,8.0,1
138,6.0,1,3.0,2.0,1,1.0,1.0,1
1119,9.0,1,2.0,2.0,1,1.0,2.0,1
2244,7.0,1,0.0,3.0,1,2.0,1.0,1
337,1.0,0,3.963354474982382,4.0,0,8.0,4.0,0
642,9.0,1,0.0,2.0,1,2.0,1.0,1
690,5.0,1,2.0,0.0,1,4.0,2.0,1
1346,0.0,0,5.0,5.0,0,10.0,3.0,0
1881,2.0,0,4.0,5.0,0,8.0,3.0,0
2279,4.0,1,3.0,2.0,1,3.0,2.0,1
2656,4.0,1,3.0,1.0,1,4.0,1.0,1
1615,9.0,1,2.0,1.0,1,2.0,0.0,1
2523,1.0,0,4.0,6.0,0,5.0,3.0,0
2278,8.0,1,0.0,2.0,1,1.0,2.0,1
2738,11.0,1,2.0,1.0,1,5.0,3.564726631393298,1
549,4.0,1,2.0,0.0,1,3.0,1.0,1
88,1.0,0,4.0,6.0,0,15.0,8.0,0
1757,8.0,1,2.0,2.0,1,2.0,2.0,0
1691,9.0,1,1.0,1.0,1,4.0,1.0,1
174,1.0,0,5.0,5.0,0,15.0,5.0,0
682,2.0,0,9.0,5.0,0,6.0,9.0,0
2246,11.0,1,1.0,2.0,1,3.0,0.0,1
626,9.0,1,2.0,2.0,1,3.0,0.0,1
1023,11.0,1,1.0,2.0,1,1.0,0.0,1
1286,7.0,1,0.0,2.0,1,3.0,2.0,1
2862,9.0,1,2.0,0.0,1,3.0,2.0,1
1190,3.0,0,4.0,4.0,0,9.0,3.0,0
2303,0.0,0,8.0,4.0,0,10.0,3.0,0
2028,10.0,1,0.0,1.0,1,2.0,1.0,1
243,8.0,1,0.0,0.0,1,3.0,1.0,1
48,5.0,1,1.0,3.0,1,3.0,3.0,1
886,4.0,1,2.0,0.0,1,1.0,1.0,0
1103,11.0,1,3.0,1.0,1,0.0,0.0,1
843,2.0,0,4.0,6.0,0,13.0,6.0,0
864,10.0,1,3.0,1.0,1,3.0,2.0,1
1168,8.0,1,1.0,2.0,1,5.0,1.0,1
475,7.0,1,0.0,2.0,1,3.0,2.0,1
623,3.0,0,8.0,5.0,0,11.0,6.0,0
1495,1.0,0,4.0,5.0,0,6.268862911795962,6.0,0
2377,9.0,1,2.0,1.0,1,4.0,2.0,1
1839,2.0,0,8.0,6.0,0,10.0,9.0,1
2026,7.0,1,3.0,0.0,1,5.0,2.0,1
115,4.0,0,5.0,5.0,0,15.0,8.0,0
519,5.0,1,3.0,0.0,1,1.0,1.0,1
1273,10.0,1,1.0,0.0,1,3.0,1.0,1
538,3.0,0,4.0,5.0,0,6.0,7.0,0
2346,8.0,1,1.0,0.0,1,3.0,1.0,1
2737,2.0,0,9.0,4.0,0,15.0,4.0,0
839,0.0,0,5.0,7.0,0,9.0,4.0,0
2664,11.0,1,2.0,0.0,1,5.0,1.0,1
2035,10.0,1,2.0,0.0,1,5.0,0.0,1
1861,0.0,0,6.0,5.0,0,12.0,5.0,0
2336,5.0,1,3.0,2.0,1,5.0,1.0,1
1761,3.0,0,8.0,6.0,0,10.0,8.0,0
2139,5.0,1,3.0,1.0,1,2.0,0.0,1
1814,0.0,0,3.963354474982382,5.0,0,9.0,6.0,0
1990,11.0,1,1.0,0.0,1,4.0,0.0,1
69,7.0,1,3.0,2.0,1,1.0,2.0,1
2666,11.0,1,2.0,2.0,1,3.0,0.0,1
1771,6.0,1,1.0,3.0,1,3.0,0.0,1
2820,9.0,1,0.0,2.0,1,1.0,0.0,1
1871,0.0,0,8.0,3.0,0,11.0,4.0,0
2294,2.0,0,9.0,5.0,0,14.0,4.0,0
2414,1.0,0,7.0,6.0,0,13.0,6.0,0
845,0.0,0,8.0,5.0,0,14.0,8.0,0
2535,4.0,1,3.0,0.0,1,4.0,0.0,1
1788,2.0,0,7.0,4.0,0,9.0,6.0,0
827,5.0,1,1.0,2.0,1,1.0,1.0,1
11,10.0,1,3.0,1.0,1,4.0,0.0,1
1120,4.505816002819881,1,3.0,0.0,1,5.0,2.0,1
1522,8.0,1,0.0,2.0,0,4.0,2.0,1
1972,5.0,1,0.0,1.0,1,4.0,1.0,1
1510,8.0,1,0.0,2.0,1,4.0,1.0,1
1352,1.0,0,4.0,4.0,0,11.0,3.0,0
211,7.0,1,2.0,0.0,1,3.0,2.0,1
973,3.0,0,8.0,5.0,0,9.0,4.0,0
461,3.0,0,6.0,6.0,0,14.0,3.0,0
1536,3.0,0,8.0,3.0,0,8.0,3.564726631393298,0
1401,0.0,0,5.0,3.0,0,9.0,4.0,0
1011,10.0,1,1.0,2.0,1,4.0,1.0,1
568,4.0,1,1.0,0.0,1,2.0,2.0,0
142,3.0,0,7.0,5.0,0,6.0,9.0,0
984,2.0,0,6.0,4.0,0,8.0,5.0,1
315,2.0,0,6.0,5.0,0,4.0,9.0,0
924,0.0,0,5.0,6.0,0,11.0,8.0,0
2432,4.505816002819881,1,1.0,0.0,1,1.0,2.0,1
59,4.505816002819881,0,9.0,4.0,0,7.0,5.0,0
1724,0.0,0,9.0,5.0,0,11.0,6.0,0
1088,9.0,1,1.0,1.0,1,2.0,0.0,1
2536,3.0,0,6.0,3.0,0,5.0,9.0,0
2231,10.0,1,2.0,2.0,1,4.0,2.0,1
1532,5.0,1,1.0,1.0,1,4.0,3.564726631393298,1
552,8.0,1,2.0,0.0,1,3.0,2.0,1
1906,1.0,0,7.0,3.0,0,8.0,8.0,0
2558,8.0,1,2.0,2.0,1,2.0,0.0,0
1244,0.0,0,4.0,5.0,0,7.0,8.0,1
125,4.505816002819881,1,3.0,0.0,1,2.0,1.0,1
2467,10.0,1,0.0,2.0,1,1.0,0.0,1
1482,10.0,1,0.0,1.0,1,2.0,2.0,1
1896,0.0,0,7.0,5.0,0,8.0,6.0,0
2371,3.0,0,4.0,3.0,0,7.0,5.0,0
1210,5.0,1,0.0,2.0,1,4.0,1.0,1
656,5.0,1,0.0,0.0,1,3.0,2.0,1
532,2.0,0,7.0,6.0,0,10.0,7.0,0
212,9.0,1,0.0,1.0,1,2.0,1.0,1
1277,3.0,0,6.0,5.0,0,10.0,4.0,0
1907,2.0,0,9.0,5.0,0,7.0,8.0,0
1977,1.0,0,9.0,5.0,0,7.0,8.0,0
2317,0.0,0,7.0,3.0,0,6.0,6.0,0
1628,0.0,0,9.0,5.0,0,15.0,9.0,0
1625,4.0,1,0.0,0.0,1,6.268862911795962,3.564726631393298,1
678,6.0,1,2.0,1.0,1,1.0,1.0,1
2655,9.0,1,3.0,0.0,1,5.0,2.0,1
1563,3.0,0,4.0,6.0,0,9.0,8.0,0
1538,9.0,1,0.0,1.0,1,5.0,1.0,1
2392,1.0,0,7.0,7.0,0,9.0,5.0,1
2868,2.0,0,5.0,4.0,0,7.0,8.0,0
2075,3.0,0,8.0,4.0,0,12.0,6.0,0
2899,3.0,0,6.0,6.0,0,6.0,9.0,0
2593,3.0,0,5.0,5.0,0,6.0,7.0,0
1196,6.0,1,2.0,2.0,1,0.0,2.0,0
1772,6.0,1,0.0,1.0,1,4.0,2.0,1
1795,0.0,0,6.0,5.0,0,10.0,3.564726631393298,0
1756,4.0,1,1.0,0.0,1,5.0,0.0,1
2131,0.0,0,7.0,4.0,0,5.0,3.0,0
2557,0.0,0,3.963354474982382,3.0,0,11.0,5.0,0
2487,5.0,1,0.0,1.0,1,1.0,2.0,1
437,1.0,0,6.0,7.0,0,12.0,6.0,0
1961,7.0,1,3.0,2.0,1,2.0,2.0,1
1413,10.0,1,2.0,2.0,1,1.0,1.0,1
394,2.0,0,5.0,6.0,0,9.0,5.0,0
60,1.0,0,9.0,5.0,0,9.0,10.0,0
823,2.0,0,4.0,5.0,0,13.0,4.0,0
998,7.0,1,1.0,0.0,1,1.0,1.0,1
22,1.0,0,6.0,7.0,0,14.0,9.0,0
1632,0.0,0,3.963354474982382,6.0,0,12.0,8.0,0
102,0.0,0,4.0,7.0,0,13.0,4.0,0
1136,4.505816002819881,1,3.0,0.0,1,5.0,0.0,1
2343,0.0,0,8.0,5.0,0,15.0,9.0,0
180,4.505816002819881,0,8.0,5.0,0,9.0,4.0,0
1142,5.0,1,0.0,0.0,1,3.0,1.0,1
80,5.0,1,2.0,0.0,1,2.0,0.0,1
244,5.0,1,0.0,1.0,1,2.0,2.0,1
1113,4.0,1,1.0,2.0,1,2.0,2.0,1
2149,8.0,1,0.0,2.0,1,2.0,0.0,0
2818,8.0,1,1.0,1.0,1,2.0,2.0,1
2805,7.0,1,2.0,1.0,1,1.0,0.0,0
819,4.505816002819881,1,2.0,1.0,1,5.0,1.0,1
58,2.0,0,5.0,7.0,0,10.0,5.0,0
2242,4.505816002819881,1,2.0,1.0,1,2.0,2.0,1
2142,3.0,0,4.0,5.0,0,7.0,6.0,0
158,2.0,0,10.0,4.0,0,11.0,10.0,0
2863,1.0,0,4.0,6.0,0,9.0,5.0,0
194,8.0,1,0.0,0.0,1,1.0,2.0,1
2733,3.0,0,7.0,4.0,0,11.0,3.0,0
2253,3.0,0,8.0,4.0,0,13.0,6.0,0
2423,3.0,0,8.0,5.0,0,10.0,5.0,0
660,1.0,0,6.0,6.0,0,6.0,8.0,0
706,7.0,1,2.0,0.0,1,1.0,1.0,1
2265,1.0,0,8.0,6.0,0,12.0,3.0,0
1073,7.0,1,1.0,2.0,1,4.0,2.0,1
1579,8.0,1,1.0,1.0,1,3.0,0.0,1
355,0.0,0,4.0,6.0,0,8.0,9.0,0
2606,2.0,0,7.0,6.0,0,7.0,9.0,0
1280,4.0,1,2.0,1.0,0,3.0,0.0,1
992,4.0,1,3.0,1.0,1,3.0,1.0,1
2610,10.0,1,3.0,0.0,1,3.0,1.0,1
2025,10.0,1,1.0,1.0,1,5.0,0.0,1
1466,10.0,1,3.0,3.0,1,4.0,0.0,1
2455,0.0,0,6.0,6.0,0,13.0,6.0,1
2684,5.0,1,3.0,1.0,1,3.0,1.0,1
2730,2.0,0,8.0,5.0,0,6.0,8.0,0
116,1.0,0,7.0,5.0,0,6.0,9.0,0
2043,5.0,1,0.0,2.0,1,1.0,2.0,1
902,7.0,1,3.0,0.0,1,1.0,2.0,1
378,3.0,0,7.0,5.0,0,6.268862911795962,7.0,0
285,7.0,1,1.0,0.0,1,2.0,2.0,1
801,6.0,1,3.0,0.0,1,0.0,1.0,1
778,10.0,1,2.0,1.0,1,1.0,2.0,1
1910,1.0,0,8.0,4.0,0,5.0,4.0,0
1892,2.0,0,6.0,7.0,0,9.0,5.0,1
2078,3.0,0,5.0,6.0,0,10.0,9.0,0
301,3.0,0,3.0,7.0,0,8.0,7.0,0
305,0.0,0,6.0,6.0,0,4.0,3.0,0
805,6.0,1,0.0,0.0,1,3.0,1.0,1
1234,0.0,0,4.0,4.0,0,14.0,8.0,0
993,0.0,0,4.0,4.0,0,12.0,8.0,0
2647,8.0,1,2.0,1.0,1,2.0,0.0,1
2118,5.0,1,3.0,0.0,1,4.0,0.0,1
2168,9.0,1,1.0,0.0,0,1.0,1.0,1
1762,10.0,1,3.0,0.0,1,6.268862911795962,2.0,1
368,1.0,0,5.0,6.0,0,5.0,6.0,0
542,11.0,1,3.0,0.0,1,0.0,1.0,1
1271,3.0,0,5.0,5.0,0,6.0,6.0,0
2525,7.0,1,0.0,0.0,1,1.0,1.0,0
152,4.0,0,5.0,7.0,0,13.0,8.0,0
260,8.0,1,0.0,0.0,1,1.0,1.0,1
2743,3.0,0,3.963354474982382,3.0,0,10.0,4.0,0
2019,8.0,1,2.0,1.0,1,1.0,1.0,0
990,3.0,0,7.0,4.0,0,13.0,3.0,0
228,5.0,1,1.0,0.0,1,3.0,2.0,1
2665,8.0,1,2.0,0.0,1,2.0,0.0,1
2898,11.0,1,1.0,3.0,1,2.0,0.0,1
503,9.0,1,3.0,0.0,1,4.0,0.0,1
914,1.0,0,6.0,6.0,0,10.0,4.0,0
1508,9.0,1,2.0,1.0,1,2.0,0.0,1
2586,3.0,0,9.0,5.0,0,11.0,3.0,0
1239,1.0,0,5.0,7.0,0,9.0,7.0,0
389,2.0,0,3.0,5.0,0,6.268862911795962,5.0,0
1220,0.0,0,9.0,6.0,0,8.0,3.0,0
2718,7.0,1,0.0,1.0,1,1.0,0.0,1
1076,3.0,0,9.0,6.0,0,13.0,6.0,0
2857,2.0,0,5.0,3.0,0,9.0,3.0,0
1117,7.0,1,0.0,0.0,1,5.0,1.0,1
2087,5.0,1,2.0,3.0,1,2.0,0.0,1
482,2.0,0,9.0,5.0,0,8.0,8.0,0
1343,1.0,0,8.0,4.0,0,9.0,5.0,0
2554,7.0,1,1.0,0.0,1,2.0,1.0,0
2383,10.0,1,2.0,2.0,1,5.0,1.0,1
1441,2.0,0,4.0,5.0,0,14.0,8.0,0
400,2.0,0,7.0,4.0,0,13.0,7.0,0
862,9.0,1,1.0,0.0,1,1.0,0.0,1
2570,11.0,1,0.0,2.0,1,3.0,2.0,0
1661,10.0,1,0.0,1.0,1,3.0,2.0,0
2886,7.0,1,0.0,0.0,1,5.0,2.0,1
1534,0.0,0,7.0,5.0,0,7.0,9.0,0
25,2.0,0,8.0,4.0,0,11.0,9.0,0
1947,2.0,0,4.0,6.0,0,5.0,8.0,0
2587,8.0,1,1.0,1.0,1,1.0,0.0,1
1322,1.0,0,9.0,4.0,0,7.0,7.0,0
97,3.0,0,10.0,6.0,0,14.0,7.0,0
2588,5.0,1,3.0,2.0,1,3.0,1.0,1
881,6.0,1,0.0,1.0,1,5.0,2.0,1
2202,1.0,0,6.0,3.0,0,11.0,8.0,0
2339,3.0,0,6.0,5.0,0,14.0,5.0,0
510,1.0,0,5.0,5.0,0,10.0,6.0,0
662,10.0,1,0.0,0.0,1,5.0,2.0,1
2569,5.0,1,3.0,0.0,1,2.0,1.0,1
1991,3.0,0,4.0,3.0,0,13.0,3.564726631393298,0
857,9.0,1,1.0,0.0,1,4.0,1.0,1
2834,8.0,1,2.0,1.0,1,1.0,1.0,1
987,3.0,0,6.0,6.0,0,8.0,6.0,0
771,2.0,0,5.0,6.0,0,13.0,4.0,0
1707,8.0,1,2.0,2.0,1,6.268862911795962,1.0,1
1745,2.0,0,4.0,6.0,0,7.0,4.0,0
1798,1.0,0,4.0,6.0,0,11.0,6.0,0
1792,7.0,1,2.0,0.0,1,2.0,1.0,1
1265,3.0,0,7.0,5.0,0,8.0,6.0,0
2504,3.0,0,8.0,5.0,0,15.0,3.0,0
2129,9.0,1,2.0,0.0,1,3.0,1.0,1
124,3.0,0,6.0,6.0,0,10.0,7.0,0
1921,10.0,1,2.0,1.0,1,1.0,0.0,1
2607,10.0,1,3.0,0.0,1,1.0,2.0,1
2836,4.0,1,1.0,0.0,1,4.0,1.0,1
527,3.0,0,4.0,6.0,0,12.0,3.0,0
36,1.0,0,4.0,4.0,0,15.0,4.0,0
2413,2.0,0,7.0,5.0,0,12.0,6.0,1
2063,9.0,1,0.0,3.0,1,3.0,2.0,1
1387,5.0,1,1.0,0.0,1,0.0,3.564726631393298,1
1444,11.0,1,1.0,3.0,1,4.0,2.0,1
1407,11.0,1,0.0,1.0,1,1.0,2.0,0
169,6.0,1,1.0,3.0,1,3.0,3.0,1
440,0.0,0,6.0,6.0,0,11.0,5.0,1
1082,4.0,1,2.0,2.0,1,5.0,1.0,1
1512,2.0,0,4.0,3.0,0,6.268862911795962,5.0,0
1726,1.0,0,5.0,6.0,0,10.0,3.0,0
1039,7.0,1,0.0,1.0,1,1.0,2.0,1
2717,0.0,0,4.0,3.0,0,9.0,7.0,0
1317,0.0,0,8.0,5.0,0,9.0,3.0,0
871,11.0,1,2.0,0.0,1,3.0,2.0,0
1487,3.0,0,8.0,4.0,0,8.0,4.0,0
2420,0.0,0,8.0,4.0,0,11.0,6.0,0
2250,7.0,1,0.0,0.0,1,2.0,1.0,1
632,2.0,0,4.0,4.0,0,7.0,8.0,0
2107,2.0,0,8.0,3.0,0,12.0,5.0,0
2443,0.0,0,6.0,5.0,0,5.0,5.0,0
1659,6.0,1,3.0,2.0,1,4.0,1.0,1
1102,2.0,0,5.0,5.0,0,14.0,9.0,0
877,0.0,0,8.0,4.0,0,14.0,5.0,0
791,2.0,0,4.0,5.0,0,8.0,5.0,0
1124,1.0,0,4.0,7.0,0,6.0,6.0,0
2400,5.0,1,2.0,0.0,1,2.0,2.0,1
2706,0.0,0,6.0,3.0,0,7.0,7.0,0
2270,9.0,1,1.0,0.0,1,5.0,2.0,1
751,4.0,1,0.0,2.0,1,1.0,0.0,1
1636,10.0,1,1.0,2.0,1,1.0,2.0,1
1847,0.0,0,7.0,3.0,0,8.0,7.0,0
2296,6.0,1,3.0,1.0,1,4.0,1.0,1
556,7.0,1,1.0,1.0,1,3.0,0.0,1
374,2.0,0,4.0,7.0,0,4.0,8.0,0
628,11.0,1,1.0,0.0,1,1.0,1.0,1
2861,1.0,0,6.0,5.0,0,14.0,5.0,0
1417,1.0,0,4.0,5.0,0,14.0,4.0,0
514,3.0,0,6.0,7.0,0,13.0,6.0,0
1093,2.0,0,4.0,7.0,0,14.0,6.0,0
1213,0.0,0,4.0,4.0,0,6.0,5.0,0
1453,1.0,0,9.0,5.0,0,10.0,5.0,0
1429,4.0,1,2.0,2.0,1,4.0,1.0,1
1592,2.0,0,5.0,3.0,0,12.0,8.0,0
2196,1.0,0,7.0,4.0,0,12.0,5.0,0
1140,3.0,0,5.0,6.0,0,12.0,3.0,0
41,1.0,0,4.0,5.0,0,6.268862911795962,10.0,0
854,6.0,1,0.0,2.0,1,4.0,0.0,1
1157,5.0,1,2.0,1.0,1,4.0,0.0,1
1001,2.0,0,5.0,7.0,0,12.0,9.0,0
2519,6.0,1,1.0,0.0,1,5.0,2.0,1
2685,2.0,0,4.0,3.0,0,6.0,6.0,0
1712,10.0,1,2.0,2.0,1,2.0,1.0,1
1630,1.0,0,9.0,6.0,0,9.0,8.0,0
2488,1.0,0,9.0,5.0,0,12.0,9.0,0
2228,1.0,0,7.0,4.0,0,7.0,9.0,0
545,6.0,1,0.0,1.0,1,2.0,1.0,0
573,0.0,0,9.0,4.0,0,8.0,7.0,0
1418,4.0,1,0.0,1.0,1,1.0,1.0,1
600,3.0,0,4.0,6.0,0,9.0,9.0,0
1807,8.0,1,0.0,0.0,1,2.0,1.0,1
1927,4.505816002819881,1,0.0,0.0,1,4.0,0.0,1
367,0.0,0,4.0,7.0,0,5.0,4.0,0
43,6.0,1,2.0,2.0,1,2.0,1.0,1
2566,1.0,0,6.0,3.0,0,11.0,6.0,0
2162,10.0,1,1.0,3.0,1,2.0,2.0,1
1570,2.0,0,9.0,5.0,0,6.0,5.0,0
1677,0.0,0,6.0,5.0,0,12.0,6.0,0
67,5.0,1,1.0,3.0,1,4.0,3.0,1
489,11.0,1,3.0,1.0,1,5.0,2.0,1
2584,4.0,1,3.0,1.0,1,2.0,1.0,1
2652,4.0,1,0.0,0.0,1,2.0,0.0,1
2127,11.0,1,0.0,1.0,1,1.0,1.0,0
325,0.0,0,3.0,6.0,0,8.0,7.0,0
2276,10.0,1,2.0,0.0,1,2.0,1.0,0
2787,4.505816002819881,0,1.0,2.0,1,4.0,2.0,1
72,2.0,0,10.0,5.0,0,12.0,5.0,0
2650,3.0,0,4.0,6.0,0,5.0,9.0,0
1549,6.0,1,3.0,2.0,1,3.0,0.0,1
1014,7.0,1,0.0,2.0,1,0.0,2.0,1
967,1.0,0,9.0,6.0,0,10.0,8.0,0
1925,10.0,1,2.0,1.0,1,3.0,0.0,1
2754,8.0,1,2.0,0.0,1,4.0,0.0,0
2874,4.0,1,1.0,2.0,1,5.0,0.0,1
824,7.0,1,1.0,1.0,1,2.0,2.0,1
1604,3.0,0,9.0,4.0,0,10.0,5.0,0
671,7.0,1,1.0,0.0,1,0.0,2.0,1
2453,1.0,0,5.0,4.0,0,11.0,7.0,0
1337,0.0,0,7.0,5.0,0,13.0,4.0,0
2204,4.0,1,2.0,1.0,1,3.0,0.0,1
1412,2.0,0,7.0,4.0,0,11.0,7.0,0
1018,4.505816002819881,0,7.0,5.0,0,11.0,6.0,0
1040,0.0,0,6.0,4.0,0,11.0,7.0,0
2272,0.0,0,9.0,5.0,0,6.0,7.0,0
1503,1.0,0,9.0,6.0,0,12.0,4.0,0
1489,0.0,0,8.0,6.0,0,10.0,4.0,0
2840,2.0,0,8.0,6.0,0,12.0,4.0,0
1114,6.0,1,2.0,1.0,1,5.0,1.0,1
1685,4.0,1,0.0,1.0,1,4.0,3.564726631393298,1
736,9.0,1,2.0,2.0,1,3.0,0.0,1
1178,7.0,1,3.0,0.0,1,1.0,0.0,1
1841,0.0,0,5.0,6.0,0,13.0,8.0,0
1025,1.0,0,9.0,3.0,0,14.0,7.0,0
229,4.0,1,0.0,1.0,1,1.0,2.0,1
1156,8.0,1,0.0,0.0,1,0.0,0.0,1
2596,0.0,0,4.0,6.0,0,6.0,3.0,0
2860,5.0,1,2.0,1.0,1,2.0,2.0,1
322,2.0,0,6.0,6.0,0,5.0,9.0,0
1891,1.0,0,8.0,5.0,0,8.0,5.0,0
1829,10.0,1,2.0,1.0,1,2.0,1.0,1
2275,6.0,1,0.0,3.0,1,5.0,2.0,1
911,8.0,1,3.963354474982382,1.0,1,4.0,2.0,1
98,4.0,0,10.0,7.0,0,8.0,10.0,0
1292,8.0,1,2.0,2.0,1,4.0,0.0,1
746,2.0,0,4.0,5.0,0,14.0,9.0,0
1101,2.0,0,7.0,5.0,0,14.0,5.0,1
110,3.0,0,6.0,7.0,0,15.0,5.0,0
2108,4.505816002819881,1,2.0,2.0,1,5.0,2.0,1
2195,3.0,0,5.0,6.0,0,13.0,7.0,0
1242,3.0,0,9.0,5.0,0,7.0,4.0,0
2088,3.0,0,4.0,5.0,0,10.0,5.0,0
2819,3.0,0,5.0,6.0,0,13.0,3.0,0
1338,3.0,0,6.0,5.0,0,14.0,3.0,0
2362,10.0,1,0.0,2.0,1,3.0,2.0,1
438,0.0,0,9.0,4.0,0,6.0,3.0,0
536,9.0,1,2.0,1.0,1,4.0,2.0,1
707,0.0,0,6.0,4.0,0,11.0,5.0,0
1339,10.0,1,0.0,2.0,1,4.0,0.0,1
1037,6.0,1,2.0,1.0,1,5.0,2.0,1
606,8.0,1,3.0,1.0,1,0.0,0.0,1
1560,9.0,1,1.0,1.0,1,2.0,2.0,1
2632,7.0,1,2.0,2.0,1,2.0,0.0,1
1399,2.0,0,9.0,7.0,0,7.0,8.0,0
303,3.0,0,6.0,5.0,0,6.0,6.0,0
712,7.0,1,2.0,1.0,1,4.0,0.0,1
2013,5.0,1,0.0,0.0,1,2.0,1.0,1
1999,5.0,1,1.0,0.0,1,5.0,1.0,1
2832,2.0,0,4.0,4.0,0,9.0,8.0,0
1327,0.0,0,5.0,4.0,0,6.0,8.0,0
1598,0.0,0,8.0,6.0,0,11.0,3.0,0
2348,10.0,1,2.0,0.0,1,2.0,0.0,0
2226,10.0,0,3.0,0.0,1,4.0,0.0,1
275,4.0,1,2.0,1.0,1,3.0,0.0,1
493,5.0,1,1.0,0.0,1,3.0,1.0,1
2573,8.0,1,3.0,0.0,1,2.0,0.0,1
2001,8.0,1,2.0,2.0,1,3.0,1.0,1
409,5.0,1,3.0,0.0,1,3.0,1.0,1
1496,2.0,0,8.0,5.0,0,9.0,6.0,0
463,3.0,0,9.0,7.0,0,6.0,6.0,0
1684,0.0,0,9.0,5.0,0,12.0,4.0,0
1,9.0,1,0.0,0.0,1,0.0,3.0,1
2395,7.0,1,0.0,0.0,0,3.0,1.0,1
1125,0.0,0,9.0,6.0,0,10.0,5.0,0
1923,10.0,1,0.0,2.0,1,4.0,1.0,0
488,10.0,1,0.0,0.0,1,3.0,0.0,1
332,0.0,0,7.0,5.0,0,6.0,7.0,0
1428,2.0,0,5.0,4.0,0,11.0,3.0,0
1909,2.0,0,5.0,3.0,0,13.0,4.0,0
237,9.0,1,2.0,0.0,1,2.0,0.0,1
2842,2.0,0,8.0,5.0,0,12.0,5.0,0
1301,9.0,1,0.0,0.0,1,2.0,0.0,1
653,6.0,1,2.0,0.0,1,3.0,2.0,1
2506,0.0,0,9.0,5.0,0,11.0,5.0,1
2385,1.0,0,5.0,6.0,0,8.0,5.0,0
1653,6.0,1,1.0,0.0,0,5.0,2.0,1
1878,2.0,0,5.0,4.0,0,13.0,3.0,0
2380,2.0,0,8.0,5.0,0,10.0,5.0,1
2293,1.0,0,9.0,5.0,0,14.0,9.0,1
1869,3.0,0,6.0,4.0,0,8.0,6.0,0
1520,3.0,0,6.0,6.0,0,10.0,8.0,0
720,3.0,0,4.0,4.0,0,14.0,7.0,1
1230,3.0,0,9.0,7.0,0,7.0,4.0,0
291,4.0,1,2.0,1.0,1,2.0,1.0,1
554,4.0,1,0.0,1.0,1,0.0,0.0,1
2444,3.0,0,8.0,6.0,0,7.0,6.0,0
1539,1.0,0,9.0,6.0,0,13.0,7.0,0
2705,4.505816002819881,0,9.0,5.0,0,9.0,4.0,0
2457,0.0,0,9.0,5.0,0,14.0,9.0,1
1759,10.0,1,0.0,0.0,1,1.0,2.0,0
1456,9.0,1,3.963354474982382,0.0,1,3.0,1.0,1
611,3.0,0,4.0,7.0,0,8.0,4.0,0
1424,11.0,1,3.963354474982382,2.0,1,3.0,2.0,1
1437,5.0,1,2.0,1.0,1,6.268862911795962,2.0,1
2164,9.0,1,3.0,0.0,1,1.0,0.0,1
1470,2.0,0,6.0,3.0,0,7.0,4.0,0
1725,0.0,0,4.0,6.0,0,8.0,3.0,0
822,9.0,1,0.0,1.0,1,0.0,2.0,1
1276,7.0,1,2.0,2.0,1,0.0,1.0,1
2546,1.0,0,7.0,3.0,0,12.0,8.0,0
2022,8.0,1,3.0,0.0,1,6.268862911795962,1.0,1
1235,8.0,1,0.0,0.0,1,2.0,0.0,1
858,0.0,0,4.0,6.0,0,8.0,8.0,0
1467,2.0,0,9.0,6.0,0,6.0,7.0,0
1398,2.0,0,6.0,5.0,0,8.0,7.0,0
2881,4.0,1,1.0,2.0,1,1.0,2.0,1
415,8.0,1,2.0,1.0,1,1.0,1.0,0
2713,0.0,0,7.0,4.0,0,8.0,3.564726631393298,0
2728,0.0,0,7.0,3.0,0,12.0,7.0,0
2183,8.0,0,3.0,2.0,1,4.0,2.0,1
838,6.0,1,3.0,0.0,1,3.0,1.0,1
1933,2.0,0,8.0,5.0,0,13.0,6.0,0
630,8.0,1,0.0,0.0,1,0.0,2.0,0
1490,8.0,1,1.0,0.0,1,1.0,0.0,1
2496,4.505816002819881,1,3.0,2.0,1,2.0,1.0,1
944,11.0,1,1.0,1.0,1,5.0,1.0,1
370,2.0,0,3.0,4.0,0,8.0,7.0,0
2135,2.0,0,7.0,6.0,0,12.0,4.0,0
1594,6.0,1,1.0,2.0,1,4.0,2.0,1
1767,0.0,0,5.0,4.0,0,10.0,8.0,0
2700,10.0,1,1.0,1.0,1,2.0,0.0,1
1988,4.0,1,2.0,0.0,1,3.0,0.0,1
1609,4.505816002819881,1,2.0,0.0,1,4.0,0.0,1
1541,8.0,1,1.0,2.0,1,5.0,1.0,1
32,5.0,1,3.0,3.0,1,0.0,1.0,1
703,0.0,0,6.0,5.0,0,7.0,7.0,0
901,7.0,1,1.0,2.0,1,5.0,0.0,1
1526,9.0,1,0.0,0.0,1,2.0,1.0,0
20,10.0,1,3.0,1.0,1,2.0,1.0,1
578,7.0,1,0.0,1.0,1,3.0,0.0,1
320,4.505816002819881,0,6.0,4.0,0,4.0,5.0,0
2885,10.0,1,0.0,0.0,0,2.0,0.0,1
2379,2.0,0,9.0,3.0,0,14.0,7.0,0
2054,9.0,1,1.0,1.0,1,1.0,0.0,1
2438,8.0,1,0.0,0.0,1,4.0,2.0,1
2882,1.0,0,9.0,3.0,0,7.0,6.0,0
128,10.0,1,0.0,1.0,1,5.0,3.0,1
45,0.0,0,8.0,6.0,0,6.0,10.0,0
2463,4.0,1,0.0,0.0,1,5.0,1.0,1
884,0.0,0,4.0,6.0,0,11.0,4.0,0
1200,11.0,1,1.0,2.0,1,4.0,2.0,1
1810,8.0,1,3.0,1.0,1,3.0,2.0,1
384,2.0,0,7.0,4.0,0,5.0,6.0,0
2014,0.0,0,8.0,5.0,0,10.0,5.0,0
927,7.0,1,1.0,0.0,1,4.0,0.0,1
1806,10.0,1,0.0,0.0,0,3.0,2.0,1
2170,9.0,1,1.0,2.0,1,5.0,2.0,1
2502,4.505816002819881,0,5.0,3.0,0,11.0,9.0,0
221,6.0,1,2.0,0.0,1,3.0,0.0,1
1100,3.0,0,5.0,5.0,0,6.0,7.0,0
2358,9.0,1,3.0,1.0,1,1.0,0.0,1
2092,0.0,0,4.0,3.0,0,10.0,5.0,0
487,6.0,1,1.0,0.0,1,4.0,1.0,1
166,10.0,1,0.0,3.0,1,4.0,3.0,1
561,3.0,0,8.0,4.0,0,8.0,7.0,0
1212,8.0,1,2.0,2.0,1,0.0,0.0,1
1392,4.0,1,1.0,2.0,1,3.0,2.0,1
931,2.0,0,7.0,6.0,0,13.0,8.0,0
182,6.0,1,0.0,0.0,1,2.0,3.0,1
1849,5.0,1,1.0,0.0,1,4.0,2.0,1
309,0.0,0,4.0,7.0,0,8.0,4.0,0
1749,0.0,0,8.0,5.0,0,15.0,8.0,0
2218,10.0,1,2.0,2.0,1,4.0,0.0,1
1217,5.0,1,1.0,1.0,1,4.0,1.0,1
2430,10.0,1,3.963354474982382,0.0,1,6.268862911795962,3.564726631393298,1
842,3.0,0,6.0,4.0,0,7.0,3.564726631393298,0
1875,2.0,0,9.0,3.0,0,10.0,3.564726631393298,0
2484,1.0,0,8.0,4.0,0,15.0,6.0,0
286,6.0,1,2.0,0.0,1,2.0,1.0,1
1216,4.505816002819881,0,9.0,6.0,0,8.0,8.0,0
1326,5.0,1,2.0,2.0,1,0.0,0.0,1
1824,9.0,1,0.0,0.0,1,3.0,0.0,1
979,1.0,0,5.0,7.0,0,13.0,7.0,0
2843,10.0,1,2.0,1.0,1,3.0,1.0,1
235,4.0,1,0.0,2.0,1,2.0,3.564726631393298,1
1888,1.0,0,7.0,6.0,0,6.268862911795962,4.0,0
2725,10.0,1,2.0,0.0,1,6.268862911795962,2.0,1
2328,1.0,0,8.0,5.0,0,11.0,7.0,0
2548,3.0,0,7.0,6.0,0,6.0,4.0,0
1381,2.0,0,7.0,4.0,0,9.0,8.0,0
1321,2.0,0,3.963354474982382,4.0,0,12.0,5.0,1
2347,2.0,0,5.0,5.0,0,11.0,7.0,0
99,8.0,1,1.0,0.0,1,4.0,2.0,1
2799,3.0,0,7.0,6.0,0,9.0,4.0,0
293,8.0,1,3.963354474982382,0.0,1,6.268862911795962,3.564726631393298,1
369,0.0,0,6.0,4.0,0,9.0,8.0,0
2598,2.0,0,8.0,5.0,0,14.0,5.0,0
2269,3.0,0,6.0,4.0,0,11.0,9.0,0
167,9.0,1,2.0,2.0,1,1.0,1.0,1
1635,2.0,0,4.0,6.0,0,8.0,7.0,0
1083,5.0,1,3.0,1.0,1,3.0,1.0,1
2178,2.0,0,6.0,5.0,0,7.0,3.0,0
1996,2.0,0,5.0,6.0,0,12.0,8.0,0
506,9.0,1,0.0,0.0,1,5.0,0.0,1
1215,10.0,1,1.0,0.0,1,1.0,1.0,1
1595,4.0,1,2.0,1.0,1,3.0,2.0,1
1184,7.0,1,3.963354474982382,0.0,1,1.0,0.0,1
777,6.0,1,0.0,1.0,1,0.0,2.0,1
2341,1.0,0,8.0,6.0,0,10.0,4.0,0
1944,1.0,0,4.0,5.0,0,12.0,5.0,0
2137,3.0,0,7.0,3.0,0,12.0,9.0,0
1958,1.0,0,7.0,3.0,0,6.0,9.0,0
2160,6.0,1,3.0,2.0,1,5.0,0.0,1
2189,0.0,0,6.0,4.0,0,14.0,8.0,0
2822,8.0,1,2.0,0.0,1,1.0,1.0,1
1588,3.0,0,5.0,5.0,0,8.0,8.0,0
1552,1.0,0,8.0,7.0,0,14.0,6.0,1
425,11.0,1,3.0,1.0,1,0.0,2.0,1
2134,7.0,1,0.0,1.0,1,2.0,0.0,1
1863,3.0,0,5.0,6.0,0,7.0,4.0,0
2302,1.0,0,9.0,5.0,0,8.0,7.0,1
3,0.0,0,6.0,7.0,0,14.0,8.0,0
1364,5.0,1,0.0,2.0,1,2.0,2.0,1
1704,10.0,1,0.0,2.0,1,4.0,1.0,0
1187,9.0,1,2.0,0.0,1,4.0,1.0,1
1566,11.0,1,3.0,1.0,1,2.0,0.0,1
2038,6.0,1,1.0,1.0,1,2.0,0.0,1
1695,2.0,0,7.0,3.0,0,12.0,3.0,0
2298,11.0,1,3.0,2.0,1,4.0,1.0,1
339,2.0,0,3.0,6.0,0,4.0,5.0,0
186,9.0,1,2.0,0.0,1,2.0,1.0,1
8,10.0,1,1.0,3.0,1,0.0,3.0,1
2333,10.0,1,0.0,0.0,1,1.0,0.0,0
1734,4.0,1,3.963354474982382,0.0,1,1.0,2.0,1
240,5.0,1,1.0,2.0,1,2.0,2.0,1
2505,8.0,1,0.0,1.0,1,2.0,0.0,1
2342,3.0,0,9.0,4.0,0,13.0,9.0,0
2389,9.0,1,2.0,2.0,1,3.0,0.0,0
1730,11.0,1,0.0,2.0,1,2.0,0.0,1
2600,2.0,0,7.0,6.0,0,6.0,7.0,0
760,3.0,0,5.0,4.0,0,8.0,4.0,0
1590,9.0,1,3.0,1.0,1,3.0,0.0,1
2402,1.0,0,9.0,6.0,0,13.0,5.0,0
385,1.0,0,7.0,5.0,0,8.0,8.0,0
2159,3.0,0,7.0,5.0,0,14.0,7.0,0
1435,7.0,1,2.0,1.0,1,1.0,0.0,0
1952,3.0,0,5.0,4.0,0,10.0,5.0,0
1860,2.0,0,9.0,5.0,0,14.0,7.0,1
189,2.0,0,10.0,7.0,0,10.0,4.0,0
2273,8.0,1,2.0,2.0,1,6.268862911795962,1.0,1
2091,4.0,1,3.0,1.0,1,5.0,0.0,1
2280,10.0,1,3.963354474982382,2.0,1,5.0,1.0,1
792,5.0,1,2.0,1.0,1,1.0,1.0,1
752,0.0,0,8.0,6.0,0,11.0,9.0,0
2232,10.0,1,0.0,0.0,1,4.0,1.0,1
2329,4.0,1,2.0,1.0,1,2.0,2.0,1
918,11.0,1,2.0,0.0,1,5.0,0.0,1
1069,5.0,1,1.0,2.0,1,4.0,2.0,1
453,3.0,0,6.0,5.0,0,8.0,6.0,0
2663,6.0,1,1.0,3.0,1,3.0,0.0,1
2629,11.0,0,2.0,1.0,1,2.0,1.0,1
740,3.0,0,8.0,5.0,0,7.0,9.0,0
1420,1.0,0,4.0,4.0,0,7.0,6.0,0
2306,2.0,0,8.0,3.0,0,6.0,6.0,0
1056,10.0,0,1.0,2.0,1,3.0,2.0,1
1174,0.0,0,4.0,4.0,0,11.0,4.0,0
2375,9.0,1,0.0,0.0,0,2.0,2.0,1
2723,5.0,1,1.0,0.0,1,4.0,0.0,1
1219,2.0,0,6.0,6.0,0,7.0,4.0,0
2301,9.0,1,1.0,2.0,1,3.0,0.0,1
2846,0.0,0,5.0,6.0,0,12.0,7.0,0
2370,9.0,1,1.0,2.0,1,1.0,2.0,0
135,6.0,1,0.0,1.0,1,1.0,1.0,1
112,1.0,0,7.0,7.0,0,9.0,5.0,0
2658,5.0,1,2.0,0.0,1,4.0,3.564726631393298,1
472,1.0,0,3.963354474982382,5.0,0,8.0,8.0,0
2426,2.0,0,9.0,3.0,0,7.0,8.0,0
2460,2.0,0,5.0,6.0,0,9.0,9.0,0
604,10.0,1,3.0,3.0,1,1.0,1.0,1
2812,7.0,1,3.0,1.0,0,1.0,1.0,1
1181,6.0,1,2.0,2.0,1,2.0,1.0,1
1457,11.0,1,1.0,1.0,1,3.0,2.0,1
2410,8.0,1,1.0,0.0,1,1.0,2.0,1
2633,11.0,1,3.0,2.0,1,3.0,2.0,1
1683,7.0,1,1.0,3.0,0,5.0,1.0,1
658,5.0,1,0.0,2.0,1,1.0,0.0,1
846,1.0,0,7.0,4.0,0,13.0,9.0,0
1340,2.0,0,9.0,4.0,0,14.0,3.0,0
2252,9.0,1,1.0,2.0,0,5.0,1.0,1
2636,3.0,0,9.0,6.0,0,7.0,8.0,0
2411,3.0,0,9.0,6.0,0,13.0,8.0,0
960,9.0,1,2.0,2.0,1,3.0,0.0,1
206,5.0,1,2.0,1.0,1,2.0,2.0,1
1877,3.0,0,6.0,4.0,0,13.0,3.0,0
670,0.0,0,4.0,3.0,0,11.0,4.0,0
2646,1.0,0,8.0,6.0,0,12.0,7.0,1
875,3.0,0,5.0,5.0,0,11.0,9.0,0
904,8.0,1,1.0,0.0,1,1.0,0.0,1
2439,6.0,1,2.0,1.0,1,5.0,2.0,1
2187,6.0,1,3.963354474982382,0.0,1,5.0,1.0,1
238,4.0,1,2.0,1.0,1,3.0,2.0,1
2888,5.0,1,0.0,1.0,1,1.0,0.0,1
1151,3.0,0,8.0,4.0,0,14.0,3.0,0
1620,2.0,0,9.0,5.0,0,6.268862911795962,5.0,0
817,4.0,1,0.0,1.0,1,0.0,0.0,1
2305,1.0,0,5.0,5.0,0,10.0,3.0,0
2827,2.0,0,8.0,5.0,0,7.0,9.0,0
1973,1.0,0,9.0,4.0,0,5.0,8.0,0
2266,11.0,1,0.0,0.0,1,4.0,1.0,1
91,0.0,0,7.0,6.0,0,10.0,4.0,0
61,9.0,1,2.0,3.0,1,4.0,2.0,1
1931,3.0,0,9.0,3.0,0,14.0,4.0,0
551,1.0,0,8.0,5.0,0,10.0,8.0,0
2581,4.0,1,1.0,2.0,1,1.0,2.0,1
253,4.0,1,0.0,1.0,1,1.0,1.0,1
782,4.0,1,0.0,2.0,1,1.0,0.0,1
107,0.0,0,6.0,7.0,0,9.0,4.0,0
2199,0.0,0,6.0,3.0,0,10.0,8.0,0
87,0.0,0,6.0,5.0,0,11.0,8.0,0
970,1.0,0,8.0,4.0,0,10.0,4.0,0
1491,3.0,0,4.0,6.0,0,13.0,3.0,0
1515,3.0,0,6.0,4.0,0,5.0,7.0,0
1026,7.0,1,0.0,2.0,1,3.0,0.0,1
2816,4.0,1,0.0,2.0,1,3.0,1.0,1
803,0.0,0,4.0,4.0,0,10.0,9.0,0
1876,11.0,1,0.0,2.0,1,2.0,1.0,1
2117,2.0,0,4.0,6.0,0,7.0,5.0,0
458,10.0,1,2.0,1.0,1,1.0,2.0,1
785,7.0,1,3.0,2.0,1,5.0,0.0,1
18,5.0,1,3.0,0.0,1,4.0,2.0,1
1394,1.0,0,6.0,5.0,0,14.0,3.0,0
677,3.0,0,6.0,5.0,0,6.0,8.0,0
1382,10.0,1,2.0,2.0,1,5.0,2.0,0
2736,8.0,1,2.0,0.0,1,5.0,0.0,1
836,5.0,1,0.0,0.0,1,3.0,1.0,1
2547,1.0,0,7.0,4.0,0,9.0,6.0,0
1837,3.0,0,7.0,4.0,0,15.0,7.0,0
718,6.0,1,0.0,2.0,1,1.0,0.0,1
2848,1.0,0,8.0,4.0,0,5.0,5.0,0
1581,2.0,0,8.0,6.0,0,14.0,9.0,1
1631,4.505816002819881,0,6.0,3.0,0,15.0,6.0,0
387,1.0,0,4.0,4.0,0,9.0,4.0,0
2048,0.0,0,9.0,5.0,0,15.0,7.0,0
1938,10.0,1,2.0,2.0,1,1.0,0.0,1
2503,3.0,0,6.0,4.0,0,5.0,3.564726631393298,0
1123,3.0,0,9.0,4.0,0,9.0,3.0,0
1571,7.0,1,3.0,2.0,1,5.0,1.0,1
2538,0.0,0,9.0,5.0,0,8.0,7.0,0
980,7.0,1,2.0,2.0,1,1.0,2.0,1
2079,3.0,0,9.0,4.0,0,11.0,5.0,0
129,4.0,0,7.0,6.0,0,7.0,9.0,0
1714,4.505816002819881,0,9.0,5.0,0,9.0,6.0,0
2507,2.0,0,6.0,5.0,0,6.0,3.0,0
428,2.0,0,9.0,6.0,0,6.0,7.0,0
1898,0.0,0,9.0,6.0,0,11.0,5.0,0
1518,0.0,0,9.0,3.0,0,12.0,8.0,0
2883,7.0,1,2.0,2.0,1,1.0,1.0,1
2550,3.0,0,7.0,4.0,0,8.0,6.0,0
2634,1.0,0,4.0,6.0,0,6.268862911795962,3.0,0
1586,3.0,0,6.0,4.0,0,7.0,5.0,0
328,2.0,0,4.0,6.0,0,7.0,3.0,0
769,1.0,0,3.963354474982382,4.0,0,10.0,7.0,0
197,6.0,1,2.0,2.0,1,1.0,1.0,1
582,1.0,0,5.0,5.0,0,8.0,9.0,1
1668,6.0,1,2.0,2.0,1,1.0,2.0,1
903,2.0,0,8.0,6.0,0,11.0,8.0,0
131,5.0,1,3.963354474982382,0.0,1,2.0,2.0,1
591,11.0,1,3.0,0.0,1,2.0,2.0,1
2417,0.0,0,9.0,4.0,0,6.268862911795962,7.0,0
179,2.0,0,6.0,7.0,0,8.0,9.0,0
2511,10.0,1,1.0,2.0,1,2.0,1.0,1
959,6.0,1,0.0,0.0,1,3.0,1.0,1
2578,3.0,0,5.0,5.0,0,14.0,8.0,0
2571,0.0,0,7.0,3.0,0,6.0,4.0,0
1750,3.0,0,5.0,6.0,0,5.0,9.0,0
2390,0.0,0,5.0,3.0,0,14.0,4.0,0
1950,2.0,0,7.0,4.0,0,14.0,6.0,0
657,7.0,1,3.0,0.0,1,4.0,2.0,1
2315,4.0,1,1.0,1.0,1,1.0,2.0,1
1060,3.0,0,4.0,6.0,0,8.0,3.0,0
2271,9.0,1,3.963354474982382,2.0,1,6.268862911795962,0.0,1
28,2.0,0,6.0,4.0,0,12.0,10.0,0
687,6.0,1,3.0,1.0,1,5.0,2.0,1
2181,0.0,0,4.0,5.0,0,15.0,4.0,0
935,0.0,0,7.0,5.0,0,9.0,4.0,0
2338,7.0,1,1.0,0.0,1,2.0,0.0,1
312,0.0,0,5.0,4.0,0,7.0,3.0,0
2562,1.0,0,6.0,5.0,0,12.0,6.0,1
1264,10.0,1,0.0,0.0,1,6.268862911795962,0.0,1
2579,0.0,0,6.0,4.0,0,6.268862911795962,5.0,0
1786,10.0,1,0.0,0.0,1,2.0,0.0,1
2543,1.0,0,4.0,4.0,0,13.0,7.0,0
435,1.0,0,4.0,4.0,0,11.0,6.0,0
2191,2.0,0,7.0,4.0,0,15.0,8.0,0
1259,3.0,0,4.0,6.0,0,7.0,8.0,0
1319,3.0,0,4.0,4.0,0,12.0,3.0,0
645,3.0,0,9.0,6.0,0,9.0,7.0,0
422,6.0,1,2.0,0.0,1,2.0,2.0,0
2177,1.0,0,8.0,5.0,0,6.268862911795962,9.0,0
2451,3.0,0,9.0,6.0,0,5.0,7.0,0
888,8.0,1,1.0,0.0,1,3.0,2.0,0
469,7.0,1,0.0,1.0,1,4.0,2.0,1
2458,1.0,0,6.0,3.0,0,6.0,4.0,0
2896,3.0,0,8.0,3.0,0,14.0,9.0,0
1004,3.0,0,3.963354474982382,6.0,0,12.0,6.0,0
1027,9.0,1,2.0,0.0,1,1.0,2.0,1
815,7.0,1,3.0,0.0,1,1.0,1.0,1
65,10.0,1,3.0,1.0,1,0.0,2.0,1
787,11.0,1,0.0,1.0,1,0.0,1.0,1
1666,1.0,0,9.0,3.0,0,6.268862911795962,7.0,0
1075,3.0,0,5.0,4.0,0,7.0,3.0,0
1080,2.0,0,7.0,5.0,0,13.0,6.0,0
2235,5.0,1,0.0,1.0,1,4.0,2.0,1
2140,5.0,1,3.0,1.0,1,3.0,2.0,1
941,2.0,0,9.0,7.0,0,10.0,6.0,0
1647,2.0,0,7.0,3.0,0,9.0,7.0,0
1729,6.0,1,0.0,1.0,1,3.0,2.0,1
2858,1.0,0,9.0,5.0,0,11.0,8.0,1
247,6.0,1,2.0,0.0,1,1.0,2.0,1
227,9.0,1,2.0,2.0,1,1.0,2.0,1
2613,3.0,0,4.0,6.0,0,9.0,3.564726631393298,0
2,9.0,1,1.0,2.0,1,5.0,2.0,1
203,8.0,1,1.0,1.0,1,2.0,1.0,1
1298,1.0,0,6.0,5.0,0,10.0,8.0,0
1477,7.0,1,0.0,1.0,1,2.0,2.0,1
2222,7.0,1,0.0,1.0,1,2.0,2.0,1
587,7.0,1,3.0,0.0,1,6.268862911795962,1.0,1
685,0.0,0,9.0,4.0,0,10.0,5.0,0
1697,5.0,0,3.0,2.0,1,3.0,2.0,1
2310,2.0,0,9.0,4.0,0,8.0,7.0,0
1451,0.0,0,4.0,3.0,0,15.0,5.0,0
1613,4.505816002819881,0,0.0,2.0,1,6.268862911795962,2.0,1
1830,9.0,1,3.0,2.0,1,5.0,2.0,1
749,5.0,1,3.0,1.0,1,5.0,0.0,1
700,1.0,0,4.0,7.0,0,7.0,7.0,0
468,6.0,1,3.0,0.0,1,0.0,0.0,1
617,0.0,0,6.0,6.0,0,13.0,7.0,0
1483,8.0,1,0.0,0.0,1,5.0,3.564726631393298,1
334,3.0,0,6.0,5.0,0,7.0,9.0,0
1267,9.0,1,0.0,0.0,1,3.0,2.0,1
1979,8.0,1,0.0,2.0,1,1.0,1.0,1
282,9.0,0,1.0,1.0,1,2.0,0.0,1
2739,9.0,1,0.0,2.0,1,4.0,1.0,1
1542,2.0,0,7.0,6.0,0,12.0,8.0,0
2041,5.0,1,2.0,0.0,1,4.0,0.0,1
2047,1.0,0,4.0,4.0,0,8.0,8.0,0
1328,1.0,0,8.0,4.0,0,9.0,7.0,0
652,10.0,1,2.0,2.0,1,3.0,1.0,1
1885,7.0,1,2.0,2.0,1,3.0,1.0,0
2830,8.0,1,1.0,0.0,1,2.0,1.0,1
2824,1.0,0,7.0,3.0,0,7.0,4.0,0
2880,0.0,0,6.0,3.0,0,7.0,5.0,0
593,2.0,0,6.0,4.0,0,10.0,4.0,0
1323,3.0,0,8.0,7.0,0,10.0,3.564726631393298,0
1347,11.0,1,2.0,2.0,1,5.0,0.0,1
1718,8.0,1,0.0,2.0,1,4.0,1.0,1
595,1.0,0,4.0,4.0,0,14.0,6.0,0
274,5.0,1,1.0,3.0,1,1.0,0.0,1
2752,10.0,1,1.0,1.0,1,4.0,1.0,1
2174,0.0,0,5.0,4.0,0,9.0,4.0,0
2394,4.0,1,3.0,2.0,0,2.0,0.0,1
1968,2.0,0,4.0,6.0,0,11.0,5.0,0
1884,9.0,1,0.0,1.0,1,4.0,0.0,0
1618,2.0,0,3.963354474982382,4.0,0,15.0,3.0,0
1624,4.0,1,2.0,1.0,1,5.0,2.0,1
1017,6.0,1,1.0,0.0,1,6.268862911795962,0.0,1
860,4.0,1,2.0,1.0,1,3.0,1.0,1
447,5.0,1,1.0,1.0,1,4.0,0.0,1
2217,5.0,1,1.0,2.0,1,3.0,3.564726631393298,1
1591,0.0,0,5.0,6.0,0,14.0,3.0,0
2240,11.0,1,3.0,1.0,1,5.0,2.0,1
364,0.0,0,4.0,5.0,0,6.0,3.0,0
2605,1.0,0,5.0,5.0,0,14.0,9.0,0
1670,0.0,0,9.0,3.0,0,5.0,6.0,0
1383,6.0,1,3.0,1.0,1,4.0,0.0,1
1765,10.0,1,2.0,0.0,1,4.0,0.0,1
1258,5.0,1,0.0,0.0,1,5.0,2.0,1
1889,11.0,1,0.0,2.0,1,3.0,1.0,0
1815,10.0,1,2.0,2.0,1,3.0,0.0,1
123,7.0,1,2.0,3.0,1,1.0,2.0,1
1279,8.0,1,1.0,2.0,1,4.0,0.0,1
1182,2.0,0,4.0,4.0,0,11.0,7.0,0
2551,2.0,0,9.0,5.0,0,11.0,6.0,0
241,4.0,1,0.0,0.0,1,1.0,2.0,1
323,3.0,0,7.0,4.0,0,6.0,6.0,0
894,5.0,1,1.0,0.0,1,3.0,0.0,1
2374,4.0,1,3.963354474982382,2.0,1,6.268862911795962,0.0,1
1692,3.0,0,6.0,5.0,0,13.0,9.0,0
1045,9.0,1,1.0,1.0,1,1.0,2.0,1
2011,0.0,0,5.0,3.0,0,11.0,9.0,0
1500,11.0,1,1.0,2.0,0,4.0,2.0,1
1675,2.0,0,7.0,4.0,0,6.0,4.0,0
111,4.0,0,9.0,7.0,0,13.0,5.0,0
2056,11.0,0,0.0,2.0,1,3.0,2.0,1
2161,9.0,1,3.0,1.0,1,1.0,2.0,1
705,4.0,1,0.0,0.0,1,5.0,1.0,1
1893,4.0,1,3.0,2.0,1,5.0,0.0,1
2765,8.0,1,3.0,0.0,1,2.0,1.0,1
2419,7.0,1,2.0,0.0,1,5.0,1.0,1
867,0.0,0,8.0,7.0,0,11.0,7.0,0
1580,10.0,1,3.963354474982382,0.0,1,1.0,1.0,1
113,7.0,1,0.0,3.0,1,1.0,0.0,1
207,4.505816002819881,1,2.0,2.0,1,1.0,2.0,1
1993,9.0,1,0.0,2.0,1,5.0,2.0,1
1569,0.0,0,7.0,4.0,0,5.0,5.0,0
1268,6.0,1,0.0,0.0,1,0.0,1.0,1
1192,0.0,0,4.0,4.0,0,7.0,7.0,1
2485,9.0,1,0.0,2.0,1,1.0,1.0,1
613,11.0,1,1.0,2.0,1,2.0,3.564726631393298,1
290,4.0,1,0.0,0.0,1,2.0,1.0,1
204,7.0,1,0.0,0.0,1,2.0,1.0,1
1194,6.0,1,1.0,1.0,1,4.0,2.0,1
1832,0.0,0,5.0,4.0,0,11.0,3.564726631393298,0
2716,3.0,0,8.0,6.0,0,11.0,9.0,0
354,3.0,0,7.0,4.0,0,9.0,5.0,0
759,10.0,1,2.0,0.0,1,0.0,2.0,1
2372,2.0,0,9.0,5.0,0,12.0,8.0,0
1699,4.0,1,1.0,0.0,1,2.0,1.0,1
729,0.0,0,7.0,6.0,0,14.0,7.0,0
618,7.0,1,3.0,2.0,1,5.0,1.0,1
2141,11.0,1,0.0,2.0,1,2.0,2.0,1
1005,3.0,0,6.0,7.0,0,11.0,3.564726631393298,0
1486,3.0,0,6.0,5.0,0,9.0,6.0,0
2612,4.0,1,3.0,1.0,1,5.0,0.0,1
976,8.0,1,1.0,0.0,1,0.0,0.0,1
395,2.0,0,6.0,4.0,0,5.0,4.0,0
183,7.0,1,0.0,2.0,1,3.0,2.0,1
443,11.0,1,3.0,0.0,1,3.0,0.0,1
588,8.0,1,1.0,0.0,1,5.0,2.0,1
340,0.0,0,6.0,5.0,0,4.0,9.0,0
855,0.0,0,4.0,7.0,0,13.0,6.0,0
1694,4.0,1,1.0,0.0,1,2.0,0.0,1
47,10.0,1,1.0,2.0,1,2.0,0.0,1
910,4.0,1,2.0,1.0,1,0.0,2.0,1
2258,4.505816002819881,0,7.0,6.0,0,12.0,8.0,0
1649,7.0,1,2.0,1.0,1,1.0,2.0,0
1629,2.0,0,6.0,4.0,0,6.268862911795962,8.0,0
114,3.0,0,6.0,4.0,0,8.0,10.0,0
781,11.0,1,0.0,1.0,1,2.0,0.0,1
2801,5.0,1,0.0,2.0,1,5.0,1.0,1
909,4.0,1,2.0,1.0,1,4.0,2.0,1
1254,0.0,0,6.0,4.0,0,10.0,3.0,0
1664,3.0,0,4.0,4.0,0,11.0,7.0,0
701,4.0,1,2.0,0.0,1,5.0,1.0,1
184,3.0,0,8.0,7.0,0,7.0,10.0,0
1794,9.0,1,0.0,1.0,1,2.0,3.564726631393298,1
1527,2.0,0,5.0,3.0,0,12.0,3.0,0
1351,1.0,0,5.0,7.0,0,7.0,9.0,0
1442,9.0,1,0.0,2.0,1,4.0,0.0,1
692,3.0,0,5.0,5.0,0,6.0,9.0,0
2580,1.0,0,8.0,6.0,0,10.0,7.0,0
2849,2.0,0,4.0,5.0,0,6.0,4.0,0
775,6.0,1,0.0,0.0,1,4.0,1.0,1
1214,2.0,0,9.0,6.0,0,10.0,7.0,0
757,5.0,1,0.0,0.0,1,1.0,2.0,1
1812,2.0,0,5.0,6.0,0,11.0,4.0,0
348,3.0,0,4.0,7.0,0,9.0,6.0,0
19,1.0,0,7.0,5.0,0,12.0,5.0,0
1251,6.0,1,0.0,0.0,1,1.0,2.0,1
331,1.0,0,5.0,5.0,0,5.0,7.0,0
1935,2.0,0,5.0,5.0,0,12.0,6.0,0
444,9.0,1,0.0,1.0,1,3.0,1.0,1
402,6.0,1,2.0,0.0,1,6.268862911795962,2.0,1
156,5.0,1,3.0,1.0,1,2.0,1.0,1
755,7.0,1,2.0,0.0,1,5.0,0.0,1
1091,9.0,1,0.0,1.0,1,3.0,1.0,1
2404,1.0,0,7.0,6.0,0,8.0,7.0,0
2086,1.0,0,8.0,3.0,0,13.0,6.0,0
326,1.0,0,4.0,6.0,0,9.0,9.0,0
643,1.0,0,6.0,6.0,0,8.0,4.0,0
137,9.0,1,3.0,2.0,1,3.0,2.0,1
2493,1.0,0,5.0,6.0,0,5.0,6.0,0
1129,0.0,0,9.0,7.0,0,8.0,5.0,0
2624,6.0,1,2.0,1.0,1,1.0,2.0,1
2744,2.0,0,6.0,3.0,0,9.0,9.0,0
1680,0.0,0,4.0,4.0,0,6.0,5.0,0
2214,0.0,0,6.0,4.0,0,10.0,3.0,0
533,2.0,0,7.0,4.0,0,9.0,5.0,1
930,11.0,1,3.0,2.0,1,5.0,0.0,1
1066,0.0,0,4.0,5.0,0,11.0,8.0,0
2719,11.0,1,1.0,0.0,1,3.0,2.0,1
1313,1.0,0,8.0,5.0,0,14.0,7.0,0
1423,4.0,1,2.0,0.0,1,1.0,1.0,1
1404,2.0,0,9.0,5.0,0,13.0,7.0,1
2697,9.0,1,0.0,2.0,1,3.0,3.564726631393298,1
1514,4.505816002819881,0,7.0,4.0,0,8.0,7.0,0
1155,2.0,0,7.0,7.0,0,13.0,7.0,0
2798,3.0,0,8.0,3.0,0,8.0,6.0,0
1980,4.0,1,2.0,2.0,1,2.0,2.0,1
1446,4.0,1,0.0,1.0,1,5.0,3.564726631393298,1
1150,6.0,1,1.0,1.0,1,0.0,0.0,1
1928,4.0,1,0.0,2.0,1,1.0,0.0,1
173,6.0,1,1.0,3.0,1,0.0,2.0,1
1303,2.0,0,7.0,7.0,0,11.0,3.0,0
187,10.0,1,0.0,1.0,1,1.0,1.0,1
523,4.0,1,0.0,0.0,1,0.0,1.0,1
650,11.0,1,3.0,2.0,1,4.0,0.0,1
2212,4.0,1,1.0,1.0,1,3.0,2.0,1
2052,1.0,0,5.0,4.0,0,7.0,3.0,0
1162,3.0,0,7.0,4.0,0,6.0,6.0,0
40,3.0,0,5.0,5.0,0,13.0,5.0,0
1970,2.0,0,8.0,5.0,0,8.0,9.0,0
649,9.0,1,0.0,2.0,1,3.0,0.0,1
540,4.0,1,1.0,2.0,1,1.0,1.0,1
405,3.0,0,5.0,5.0,0,14.0,3.0,0
1600,3.0,0,7.0,4.0,0,6.0,9.0,0
733,4.0,1,2.0,1.0,1,2.0,2.0,1
949,7.0,1,2.0,1.0,1,0.0,3.564726631393298,1
922,3.0,0,6.0,7.0,0,10.0,8.0,0
2494,5.0,1,3.0,2.0,1,1.0,0.0,1
224,9.0,1,0.0,2.0,1,2.0,2.0,1
1805,10.0,1,2.0,2.0,1,2.0,1.0,0
576,11.0,1,2.0,1.0,1,1.0,1.0,1
1899,1.0,0,6.0,5.0,0,6.0,6.0,0
372,1.0,0,6.0,5.0,0,9.0,4.0,0
2521,3.0,0,4.0,3.0,0,12.0,7.0,0
1315,7.0,1,3.0,1.0,1,2.0,1.0,1
2424,3.0,0,6.0,4.0,0,12.0,3.0,0
1932,2.0,0,9.0,4.0,0,7.0,6.0,0
599,2.0,0,8.0,4.0,0,9.0,3.0,0
2403,2.0,0,5.0,4.0,0,13.0,6.0,0
1652,3.0,0,8.0,4.0,0,12.0,7.0,0
2786,1.0,0,4.0,3.0,0,15.0,3.0,0
220,4.0,1,2.0,2.0,1,6.268862911795962,0.0,1
1974,0.0,0,9.0,5.0,0,14.0,5.0,0
589,6.0,1,3.0,2.0,1,2.0,2.0,1
2172,2.0,0,8.0,5.0,0,8.0,6.0,1
625,3.0,0,4.0,5.0,0,11.0,7.0,0
159,2.0,0,9.0,5.0,0,8.0,10.0,0
806,6.0,1,3.0,1.0,1,0.0,1.0,1
2257,1.0,0,7.0,5.0,0,6.0,3.0,0
1145,0.0,0,6.0,7.0,0,8.0,7.0,0
1650,10.0,1,2.0,1.0,1,4.0,1.0,1
518,2.0,0,5.0,6.0,0,12.0,3.0,0
1773,0.0,0,4.0,4.0,0,11.0,4.0,0
639,3.0,0,9.0,7.0,0,8.0,7.0,0
1913,0.0,0,4.0,5.0,0,5.0,6.0,0
1049,9.0,0,3.0,1.0,1,5.0,1.0,1
841,1.0,0,6.0,6.0,0,11.0,7.0,0
2668,0.0,0,5.0,5.0,0,7.0,9.0,0
988,6.0,1,2.0,1.0,1,6.268862911795962,0.0,1
586,3.0,0,4.0,5.0,0,6.0,6.0,0
1939,9.0,1,0.0,2.0,1,2.0,2.0,1
688,11.0,1,3.0,0.0,1,5.0,0.0,1
956,10.0,1,2.0,0.0,1,2.0,1.0,1
1106,2.0,0,7.0,6.0,0,12.0,8.0,1
2350,0.0,0,6.0,5.0,0,12.0,9.0,0
2096,6.0,1,3.0,2.0,1,5.0,1.0,1
96,1.0,0,5.0,3.0,0,10.0,9.0,0
2094,0.0,0,6.0,5.0,0,11.0,5.0,1
2059,1.0,0,8.0,3.0,0,6.0,7.0,0
2285,6.0,1,3.0,0.0,1,4.0,0.0,1
287,9.0,1,2.0,0.0,1,3.0,2.0,1
2851,1.0,0,4.0,3.0,0,10.0,4.0,0
872,11.0,1,0.0,1.0,1,3.0,0.0,0
2190,5.0,1,1.0,0.0,1,5.0,0.0,1
2465,3.0,0,9.0,4.0,0,6.0,9.0,0
2288,8.0,1,3.0,0.0,1,4.0,2.0,1
1819,0.0,0,6.0,6.0,0,10.0,3.0,0
1986,4.0,1,2.0,2.0,1,2.0,0.0,1
1295,10.0,1,2.0,0.0,1,5.0,1.0,1
905,2.0,0,5.0,7.0,0,14.0,7.0,0
800,4.0,1,1.0,1.0,1,1.0,0.0,1
1688,10.0,1,0.0,2.0,1,6.268862911795962,1.0,1
1204,9.0,1,2.0,2.0,1,3.0,0.0,1
1787,11.0,1,3.0,2.0,1,4.0,1.0,1
51,0.0,0,7.0,4.0,0,10.0,10.0,0
2230,7.0,1,3.0,2.0,0,4.0,0.0,1
1870,7.0,1,1.0,2.0,1,4.0,2.0,1
2643,2.0,0,9.0,3.0,0,6.0,8.0,0
583,5.0,1,3.0,0.0,1,5.0,0.0,1
1716,10.0,1,3.0,0.0,1,3.0,0.0,1
1395,11.0,1,3.0,1.0,1,0.0,2.0,1
874,11.0,1,0.0,0.0,1,1.0,1.0,1
362,3.0,0,6.0,4.0,0,8.0,9.0,0
2123,7.0,1,2.0,1.0,1,3.0,0.0,0
1087,11.0,1,3.0,2.0,1,4.0,1.0,1
921,8.0,1,0.0,1.0,1,3.0,0.0,1
1662,8.0,1,0.0,1.0,1,1.0,1.0,1
524,8.0,1,0.0,2.0,1,0.0,2.0,1
262,7.0,1,2.0,2.0,1,2.0,2.0,1
1997,9.0,1,3.0,2.0,1,6.268862911795962,2.0,1
916,4.0,1,2.0,2.0,1,3.0,1.0,1
1517,4.0,0,3.0,0.0,0,2.0,0.0,1
1458,7.0,0,1.0,0.0,1,5.0,2.0,1
684,4.0,1,2.0,2.0,1,2.0,2.0,1
2060,4.0,1,1.0,1.0,1,4.0,1.0,1
728,3.0,0,9.0,7.0,0,14.0,4.0,0
2672,0.0,0,5.0,3.0,0,6.268862911795962,5.0,0
1533,9.0,1,1.0,0.0,1,2.0,0.0,1
1335,0.0,0,6.0,7.0,0,8.0,7.0,0
64,3.0,0,5.0,6.0,0,6.0,5.0,0
2839,7.0,1,2.0,2.0,1,1.0,1.0,0
764,4.0,1,3.0,2.0,1,2.0,0.0,1
2522,9.0,1,2.0,1.0,1,4.0,0.0,0
1918,2.0,0,4.0,4.0,0,8.0,6.0,0
1007,0.0,0,5.0,5.0,0,10.0,9.0,0
825,10.0,1,2.0,1.0,1,1.0,1.0,1
120,6.0,1,1.0,2.0,1,5.0,1.0,1
2082,10.0,1,0.0,0.0,1,2.0,0.0,1
681,10.0,1,2.0,2.0,1,1.0,1.0,1
460,1.0,0,4.0,7.0,0,10.0,7.0,0
2357,4.0,1,1.0,0.0,1,1.0,1.0,1
2589,0.0,0,9.0,4.0,0,12.0,3.564726631393298,0
2552,3.0,0,5.0,6.0,0,8.0,8.0,0
172,3.0,0,6.0,6.0,0,13.0,9.0,0
2215,3.0,0,6.0,5.0,0,14.0,6.0,0
1930,0.0,0,8.0,4.0,0,14.0,8.0,0
376,0.0,0,7.0,4.0,0,7.0,4.0,0
202,6.0,1,2.0,0.0,1,3.0,1.0,1
1953,1.0,0,4.0,3.0,0,8.0,8.0,0
363,0.0,0,5.0,4.0,0,8.0,7.0,0
27,4.0,0,5.0,7.0,0,6.0,6.0,0
1857,7.0,1,2.0,1.0,1,4.0,2.0,1
2356,1.0,0,6.0,6.0,0,12.0,3.0,0
2792,4.0,1,0.0,2.0,1,2.0,0.0,1
216,7.0,1,0.0,1.0,1,1.0,0.0,1
2495,6.0,1,2.0,2.0,1,4.0,0.0,1
2441,3.0,0,4.0,5.0,0,15.0,4.0,0
2477,3.0,0,9.0,3.0,0,8.0,4.0,0
192,0.0,0,5.0,6.0,0,9.0,4.0,0
1115,9.0,1,3.0,0.0,1,5.0,2.0,1
2186,2.0,0,9.0,6.0,0,12.0,9.0,0
1468,7.0,1,2.0,1.0,1,5.0,2.0,1
408,6.0,1,2.0,0.0,1,0.0,2.0,0
863,4.0,1,2.0,2.0,1,2.0,1.0,1
1850,1.0,0,6.0,5.0,0,13.0,3.0,0
2591,3.0,0,4.0,5.0,0,6.0,4.0,0
1696,0.0,0,7.0,5.0,0,14.0,6.0,0
419,4.0,1,3.0,0.0,1,0.0,0.0,0
1584,11.0,1,3.0,2.0,1,5.0,2.0,1
1419,6.0,1,0.0,1.0,1,3.0,2.0,1
68,0.0,0,4.0,6.0,0,6.0,5.0,0
1746,2.0,0,4.0,4.0,0,8.0,8.0,0
485,5.0,1,0.0,0.0,1,0.0,2.0,1
2023,0.0,0,6.0,6.0,0,11.0,8.0,0
1835,3.0,0,5.0,4.0,0,10.0,6.0,0
2148,1.0,0,8.0,3.0,0,8.0,8.0,0
1257,7.0,1,2.0,2.0,1,3.0,0.0,1
2345,5.0,1,0.0,1.0,1,5.0,2.0,1
2660,9.0,0,1.0,0.0,1,4.0,0.0,1
1165,1.0,0,6.0,6.0,0,7.0,5.0,0
2753,0.0,0,4.0,5.0,0,10.0,3.0,0
2644,1.0,0,3.963354474982382,6.0,0,8.0,6.0,0
1224,2.0,0,5.0,6.0,0,13.0,9.0,0
964,1.0,0,8.0,6.0,0,12.0,5.0,0
100,5.0,1,2.0,2.0,1,0.0,3.0,1
231,6.0,1,2.0,1.0,1,2.0,1.0,1
1709,9.0,1,3.0,0.0,1,5.0,1.0,1
1658,1.0,0,4.0,3.0,0,10.0,4.0,0
1293,3.0,0,7.0,6.0,0,6.0,3.0,0
940,2.0,0,9.0,6.0,0,11.0,5.0,0
53,8.0,1,3.0,1.0,1,1.0,2.0,1
1957,9.0,1,0.0,0.0,1,5.0,0.0,1
2069,8.0,1,2.0,0.0,1,1.0,1.0,1
723,1.0,0,5.0,7.0,0,8.0,7.0,0
1911,9.0,1,1.0,0.0,1,4.0,1.0,1
985,11.0,1,0.0,0.0,1,3.0,0.0,1
1817,10.0,1,2.0,0.0,1,2.0,1.0,1
1411,0.0,0,7.0,4.0,0,13.0,8.0,0
768,10.0,1,1.0,2.0,0,4.0,1.0,1
1272,9.0,1,1.0,2.0,1,0.0,2.0,0
215,7.0,1,1.0,2.0,1,3.0,1.0,1
2687,0.0,0,6.0,5.0,0,13.0,8.0,1
896,7.0,1,1.0,1.0,1,1.0,0.0,1
148,0.0,0,6.0,7.0,0,8.0,7.0,0
311,0.0,0,6.0,3.0,0,8.0,4.0,0
2290,10.0,1,0.0,0.0,1,3.0,1.0,0
2349,0.0,0,6.0,4.0,0,10.0,7.0,0
1654,7.0,1,2.0,2.0,1,4.0,1.0,1
55,3.0,0,10.0,4.0,0,10.0,5.0,0
1853,3.0,0,8.0,6.0,0,15.0,5.0,0
479,4.0,1,1.0,0.0,1,2.0,0.0,1
1769,8.0,1,3.0,0.0,1,5.0,2.0,1
2261,7.0,1,0.0,2.0,1,5.0,1.0,1
252,9.0,1,1.0,2.0,1,3.0,1.0,1
1687,1.0,0,8.0,3.0,0,5.0,9.0,0
2545,1.0,0,6.0,4.0,0,5.0,6.0,0
1895,6.0,1,2.0,2.0,0,3.0,1.0,1
1936,0.0,0,6.0,3.0,0,13.0,4.0,0
1874,3.0,0,6.0,5.0,0,10.0,6.0,0
2577,9.0,1,1.0,0.0,1,4.0,1.0,1
2171,1.0,0,8.0,5.0,0,5.0,9.0,0
2373,2.0,0,6.0,7.0,0,11.0,6.0,1
143,2.0,0,10.0,6.0,0,12.0,5.0,0
432,8.0,1,2.0,2.0,1,4.0,2.0,0
466,4.0,1,2.0,0.0,1,4.0,1.0,1
1553,2.0,0,4.0,4.0,0,9.0,3.0,0
1917,8.0,1,2.0,0.0,1,1.0,1.0,0
640,9.0,1,0.0,2.0,1,0.0,0.0,1
335,2.0,0,7.0,7.0,0,9.0,9.0,0
136,10.0,1,2.0,1.0,1,5.0,3.0,1
2853,1.0,0,5.0,5.0,0,13.0,6.0,0
76,6.0,1,1.0,2.0,1,5.0,0.0,1
1543,11.0,1,1.0,1.0,1,2.0,2.0,1
254,7.0,1,0.0,0.0,1,3.0,2.0,1
2323,3.0,0,8.0,6.0,0,7.0,9.0,0
989,9.0,1,1.0,1.0,1,5.0,2.0,1
1051,11.0,1,1.0,1.0,1,1.0,0.0,1
1537,3.0,0,9.0,5.0,0,14.0,7.0,0
2004,6.0,0,3.0,3.0,1,3.0,1.0,1
321,3.0,0,3.0,6.0,0,7.0,8.0,0
2814,0.0,0,9.0,6.0,0,14.0,7.0,0
2870,2.0,0,5.0,3.0,0,7.0,4.0,0
1523,5.0,1,2.0,2.0,1,3.0,2.0,1
2003,7.0,1,3.0,2.0,1,6.268862911795962,2.0,1
465,3.0,0,7.0,5.0,0,8.0,8.0,0
1711,8.0,1,1.0,0.0,1,5.0,2.0,1
132,8.0,1,1.0,1.0,1,2.0,3.0,1
2391,0.0,0,9.0,5.0,0,13.0,7.0,0
191,3.0,0,8.0,4.0,0,9.0,7.0,0
441,4.0,1,1.0,0.0,1,0.0,2.0,1
1089,3.0,0,6.0,5.0,0,12.0,3.0,0
2702,5.0,1,2.0,2.0,1,5.0,0.0,1
2210,2.0,0,6.0,3.0,0,9.0,8.0,0
299,5.0,1,1.0,1.0,1,1.0,1.0,1
2778,5.0,1,1.0,1.0,1,2.0,2.0,1
2779,11.0,1,2.0,0.0,1,1.0,0.0,0
1105,4.0,1,3.0,0.0,1,1.0,1.0,1
932,0.0,0,7.0,7.0,0,13.0,6.0,1
1261,8.0,1,1.0,0.0,1,4.0,2.0,1
1110,0.0,0,8.0,4.0,0,9.0,8.0,0
2442,8.0,1,0.0,1.0,1,4.0,0.0,1
1637,7.0,1,2.0,0.0,1,4.0,2.0,1
298,7.0,1,0.0,1.0,1,2.0,0.0,1
2051,2.0,0,4.0,5.0,0,13.0,3.0,0
2474,1.0,0,9.0,5.0,0,14.0,4.0,0
2124,0.0,0,8.0,6.0,0,7.0,8.0,0
1682,9.0,1,0.0,0.0,1,4.0,2.0,1
1237,4.0,1,2.0,2.0,1,5.0,1.0,1
1561,8.0,1,1.0,2.0,1,1.0,0.0,0
1818,0.0,0,5.0,3.0,0,8.0,6.0,0
2682,0.0,0,4.0,3.0,0,5.0,4.0,0
153,9.0,1,2.0,3.0,1,0.0,1.0,1
2036,2.0,0,7.0,5.0,0,15.0,7.0,0
1086,3.0,0,4.0,6.0,0,13.0,7.0,0
579,9.0,1,1.0,2.0,1,0.0,0.0,1
225,6.0,0,0.0,2.0,1,1.0,2.0,1
2648,10.0,1,0.0,1.0,1,3.0,1.0,0
2616,10.0,1,1.0,0.0,1,2.0,1.0,1
742,10.0,1,0.0,0.0,1,1.0,2.0,1
501,2.0,0,4.0,7.0,0,10.0,3.0,0
1397,6.0,1,1.0,0.0,1,1.0,0.0,1
1247,11.0,1,0.0,2.0,1,0.0,0.0,1
1306,1.0,0,6.0,6.0,0,12.0,8.0,1
2119,0.0,0,9.0,3.0,0,13.0,5.0,0
919,4.0,1,3.0,2.0,1,0.0,0.0,1
236,7.0,1,0.0,0.0,1,3.0,2.0,1
809,8.0,1,0.0,1.0,1,2.0,0.0,1
217,5.0,1,2.0,0.0,1,2.0,0.0,1
1270,0.0,0,5.0,5.0,0,10.0,8.0,0
2447,2.0,0,9.0,6.0,0,10.0,6.0,1
738,10.0,1,2.0,2.0,1,0.0,0.0,1
1043,8.0,1,3.0,0.0,1,3.0,0.0,1
880,5.0,1,0.0,0.0,1,2.0,0.0,1
449,7.0,1,1.0,1.0,1,3.0,2.0,1
2621,9.0,1,3.0,2.0,0,2.0,0.0,1
223,4.0,1,1.0,0.0,1,3.0,2.0,1
349,3.0,0,6.0,4.0,0,5.0,6.0,0
1901,1.0,0,3.963354474982382,5.0,0,9.0,5.0,0
1540,3.0,0,4.0,5.0,0,11.0,3.564726631393298,0
2387,4.0,1,2.0,0.0,1,2.0,0.0,1
1305,1.0,0,9.0,4.0,0,10.0,3.0,0
404,1.0,0,5.0,7.0,0,10.0,3.0,0
539,9.0,1,2.0,1.0,1,4.0,1.0,1
2241,2.0,0,4.0,5.0,0,11.0,7.0,0
426,10.0,1,1.0,0.0,1,2.0,1.0,1
2077,8.0,1,3.0,0.0,1,2.0,1.0,1
1732,7.0,1,2.0,2.0,1,4.0,2.0,1
2628,0.0,0,5.0,3.0,0,15.0,5.0,0
1331,3.0,0,5.0,7.0,0,10.0,7.0,0
1498,10.0,1,2.0,0.0,1,5.0,2.0,1
2314,2.0,0,9.0,3.0,0,6.0,3.0,0
2699,0.0,0,5.0,5.0,0,6.0,6.0,0
413,4.0,1,3.0,1.0,1,3.0,1.0,1
1574,2.0,0,5.0,3.0,0,12.0,3.0,0
418,3.0,0,8.0,5.0,0,10.0,4.0,0
1602,5.0,1,2.0,1.0,1,1.0,0.0,1
269,8.0,1,0.0,1.0,1,1.0,3.564726631393298,1
357,2.0,0,7.0,4.0,0,4.0,8.0,0
2875,0.0,0,8.0,5.0,0,14.0,5.0,0
1516,2.0,0,5.0,6.0,0,11.0,9.0,0
21,2.0,0,8.0,4.0,0,13.0,6.0,0
85,3.0,0,4.0,4.0,0,12.0,5.0,0
1673,1.0,0,7.0,3.0,0,9.0,3.0,0
1299,0.0,0,9.0,5.0,0,11.0,8.0,0
1050,7.0,1,2.0,2.0,1,3.0,1.0,1
1015,11.0,1,3.0,1.0,1,1.0,2.0,1
208,8.0,1,2.0,2.0,1,1.0,0.0,1
2297,0.0,0,5.0,6.0,0,5.0,5.0,0
952,8.0,1,1.0,0.0,1,1.0,0.0,1
2531,9.0,1,1.0,1.0,1,1.0,0.0,0
716,5.0,1,3.0,2.0,1,3.0,2.0,1
1227,9.0,1,3.0,0.0,1,4.0,1.0,1
2645,2.0,0,8.0,6.0,0,11.0,3.0,0
140,2.0,0,10.0,7.0,0,6.0,4.0,0
2040,6.0,1,2.0,0.0,1,5.0,0.0,1
1193,1.0,0,8.0,6.0,0,12.0,5.0,0
266,4.0,1,0.0,0.0,1,3.0,2.0,1
2363,4.0,1,3.0,0.0,1,4.0,1.0,1
2393,1.0,0,6.0,5.0,0,9.0,5.0,0
139,4.0,0,10.0,4.0,0,9.0,8.0,0
2005,9.0,1,3.0,0.0,1,1.0,2.0,1
1880,0.0,0,8.0,4.0,0,5.0,3.0,0
741,6.0,1,1.0,1.0,1,5.0,2.0,1
272,9.0,1,1.0,2.0,1,2.0,1.0,1
2427,3.0,0,9.0,5.0,0,5.0,3.0,0
1585,1.0,0,7.0,6.0,0,6.268862911795962,8.0,0
1108,10.0,1,3.0,2.0,1,2.0,1.0,1
121,10.0,1,2.0,3.0,1,2.0,2.0,1
1314,1.0,0,7.0,4.0,0,10.0,4.0,0
1992,11.0,1,0.0,2.0,1,4.0,2.0,1
2324,6.0,1,2.0,2.0,1,4.0,0.0,1
1241,3.0,0,8.0,6.0,0,12.0,4.0,0
2099,2.0,0,6.0,6.0,0,5.0,5.0,0
1433,8.0,1,0.0,0.0,1,1.0,2.0,0
2176,5.0,1,3.0,0.0,1,1.0,1.0,1
2464,4.0,1,1.0,0.0,1,3.0,1.0,1
1013,10.0,1,3.0,1.0,1,1.0,0.0,1
1959,2.0,0,8.0,5.0,0,8.0,5.0,0
165,0.0,0,7.0,7.0,0,9.0,8.0,0
2829,3.0,0,7.0,5.0,0,6.0,4.0,0
146,9.0,1,1.0,0.0,1,0.0,0.0,1
544,8.0,1,3.0,1.0,1,3.0,2.0,1
1924,2.0,0,5.0,3.0,0,14.0,7.0,0
2437,3.0,0,9.0,5.0,0,11.0,3.0,0
2777,1.0,0,8.0,4.0,0,10.0,7.0,0
89,3.0,0,7.0,6.0,0,6.268862911795962,9.0,0
996,3.0,0,7.0,5.0,0,6.0,4.0,0
1377,1.0,0,4.0,4.0,0,14.0,6.0,0
1078,10.0,1,3.0,2.0,1,0.0,2.0,1
633,0.0,0,6.0,4.0,0,7.0,6.0,0
2274,10.0,1,2.0,0.0,1,5.0,2.0,1
1223,3.0,0,4.0,6.0,0,6.0,6.0,0
1311,3.0,0,7.0,6.0,0,6.0,5.0,0
1702,2.0,0,6.0,3.0,0,6.268862911795962,4.0,0
520,4.505816002819881,0,9.0,5.0,0,8.0,3.0,0
612,4.0,1,0.0,1.0,1,3.0,1.0,1
546,5.0,1,2.0,2.0,1,5.0,2.0,1
665,0.0,0,5.0,4.0,0,8.0,9.0,0
727,0.0,0,4.0,6.0,0,10.0,8.0,0
164,6.0,1,1.0,3.0,1,1.0,3.0,1
2050,11.0,1,2.0,2.0,1,5.0,0.0,1
2071,1.0,0,7.0,4.0,0,6.0,5.0,0
1020,8.0,1,0.0,2.0,1,2.0,2.0,1
734,0.0,0,5.0,3.0,0,9.0,9.0,0
2165,0.0,0,5.0,4.0,0,14.0,7.0,0
219,8.0,1,0.0,0.0,1,3.0,0.0,1
557,3.0,0,5.0,7.0,0,9.0,4.0,0
2520,0.0,0,9.0,3.0,0,12.0,8.0,0
2435,2.0,0,9.0,3.0,0,7.0,4.0,0
1452,3.0,0,9.0,5.0,0,14.0,6.0,0
971,8.0,1,0.0,0.0,1,2.0,0.0,1
915,2.0,0,5.0,5.0,0,12.0,3.0,0
848,2.0,0,4.0,4.0,0,7.0,5.0,0
1171,9.0,1,0.0,2.0,1,0.0,2.0,1
2767,0.0,0,9.0,3.0,0,6.268862911795962,9.0,0
1607,0.0,0,5.0,6.0,0,10.0,4.0,0
739,9.0,1,0.0,0.0,1,1.0,0.0,1
565,11.0,1,0.0,1.0,1,0.0,1.0,1
714,2.0,0,6.0,5.0,0,7.0,9.0,0
2153,7.0,1,2.0,1.0,1,6.268862911795962,1.0,1
2710,7.0,1,1.0,1.0,1,5.0,2.0,1
2209,9.0,1,2.0,1.0,1,2.0,2.0,1
1240,11.0,1,2.0,1.0,1,5.0,2.0,1
721,2.0,0,5.0,4.0,0,12.0,5.0,0
1912,0.0,0,8.0,4.0,0,14.0,6.0,0
2514,3.0,0,7.0,6.0,0,13.0,9.0,0
1068,8.0,1,1.0,1.0,1,0.0,1.0,1
24,2.0,0,8.0,7.0,0,15.0,6.0,0
2308,9.0,1,0.0,2.0,1,1.0,1.0,1
2074,4.0,1,3.0,3.0,1,3.0,1.0,1
840,2.0,0,5.0,7.0,0,11.0,9.0,0
1109,4.0,1,2.0,1.0,1,4.0,2.0,1
2042,8.0,1,2.0,2.0,1,3.0,1.0,1
2434,6.0,1,1.0,1.0,1,6.268862911795962,2.0,1
2764,3.0,0,5.0,4.0,0,6.0,3.0,0
1492,0.0,0,5.0,6.0,0,5.0,4.0,0
767,2.0,0,6.0,5.0,0,13.0,6.0,0
2873,8.0,1,2.0,1.0,1,2.0,1.0,1
1873,3.0,0,6.0,5.0,0,13.0,8.0,0
913,8.0,1,0.0,0.0,1,5.0,0.0,1
1556,0.0,0,6.0,3.0,0,7.0,7.0,0
31,4.0,0,7.0,7.0,0,7.0,9.0,0
560,4.0,1,0.0,0.0,1,4.0,0.0,1
2376,1.0,0,6.0,6.0,0,6.268862911795962,7.0,0
327,1.0,0,7.0,6.0,0,8.0,5.0,0
995,3.0,0,5.0,5.0,0,10.0,9.0,0
753,11.0,1,2.0,1.0,1,2.0,1.0,1
1856,5.0,1,3.0,0.0,1,5.0,1.0,1
1463,8.0,1,3.0,2.0,1,3.0,0.0,1
201,8.0,1,2.0,1.0,1,3.0,2.0,1
968,1.0,0,8.0,5.0,0,12.0,4.0,0
878,3.0,0,5.0,4.0,0,11.0,8.0,0
383,0.0,0,4.0,4.0,0,5.0,5.0,0
651,0.0,0,7.0,7.0,0,7.0,5.0,0
1776,2.0,0,8.0,3.0,0,5.0,6.0,0
1022,7.0,1,2.0,0.0,1,3.0,1.0,1
1052,0.0,0,9.0,7.0,0,14.0,7.0,0
1548,10.0,1,0.0,1.0,1,4.0,0.0,1
2533,9.0,1,3.0,0.0,1,2.0,0.0,1
1897,0.0,0,9.0,6.0,0,9.0,9.0,1
1808,3.0,0,8.0,5.0,0,11.0,6.0,0
2622,10.0,1,3.0,1.0,1,4.0,3.564726631393298,1
1643,4.0,1,0.0,3.0,1,1.0,2.0,1
1844,0.0,0,6.0,6.0,0,8.0,7.0,0
853,4.0,1,3.0,1.0,1,3.0,0.0,1
1638,2.0,0,7.0,4.0,0,12.0,8.0,0
1010,0.0,0,8.0,4.0,0,13.0,5.0,0
1554,4.505816002819881,0,8.0,4.0,0,6.0,5.0,0
602,3.0,0,5.0,4.0,0,13.0,5.0,0
955,2.0,0,9.0,5.0,0,12.0,5.0,0
399,0.0,0,7.0,7.0,0,4.0,6.0,0
1366,5.0,1,0.0,2.0,1,3.0,2.0,0
178,2.0,0,9.0,7.0,0,13.0,10.0,0
2821,3.0,0,7.0,4.0,0,9.0,8.0,0
1373,3.0,0,9.0,7.0,0,12.0,5.0,1
2173,8.0,1,1.0,1.0,1,1.0,2.0,1
54,6.0,1,3.0,3.0,1,4.0,3.0,1
558,11.0,1,1.0,1.0,1,3.0,0.0,0
1250,2.0,0,4.0,5.0,0,13.0,6.0,0
1834,9.0,1,0.0,2.0,1,1.0,2.0,1
2565,1.0,0,5.0,3.0,0,5.0,5.0,0
1575,6.0,1,2.0,0.0,1,5.0,0.0,1
2287,9.0,1,2.0,0.0,1,3.0,0.0,1
280,5.0,1,2.0,2.0,1,2.0,2.0,1
831,11.0,1,2.0,1.0,1,5.0,1.0,1
1752,1.0,0,5.0,4.0,0,12.0,9.0,0
2200,2.0,0,9.0,3.0,0,8.0,3.564726631393298,0
2128,9.0,1,2.0,1.0,1,4.0,1.0,1
1778,10.0,1,2.0,1.0,1,3.0,1.0,0
2855,1.0,0,9.0,4.0,0,10.0,8.0,0
2599,1.0,0,7.0,5.0,0,9.0,7.0,1
1422,10.0,1,0.0,2.0,1,4.0,1.0,1
17,1.0,0,5.0,6.0,0,10.0,4.0,0
497,10.0,1,2.0,2.0,1,3.0,0.0,1
1797,6.0,1,0.0,1.0,1,4.0,1.0,1
2101,7.0,1,0.0,2.0,1,1.0,2.0,1
1722,3.0,0,6.0,3.0,0,6.0,5.0,0
365,0.0,0,3.0,5.0,0,4.0,5.0,0
2780,10.0,1,3.0,0.0,1,1.0,0.0,1
2322,9.0,1,2.0,2.0,1,1.0,2.0,0
567,1.0,0,4.0,5.0,0,6.0,7.0,1
1455,1.0,0,7.0,5.0,0,6.268862911795962,4.0,0
126,4.0,0,9.0,7.0,0,10.0,5.0,0
239,9.0,1,0.0,0.0,1,2.0,0.0,1
925,1.0,0,7.0,5.0,0,11.0,3.0,0
1981,1.0,0,4.0,3.0,0,6.0,4.0,0
1229,3.0,0,4.0,6.0,0,7.0,4.0,0
812,3.0,0,9.0,4.0,0,13.0,5.0,0
1894,8.0,1,2.0,1.0,1,5.0,1.0,1
1275,1.0,0,7.0,5.0,0,11.0,3.0,0
673,1.0,0,9.0,7.0,0,13.0,3.0,0
2630,2.0,0,5.0,3.0,0,10.0,9.0,0
492,2.0,0,9.0,4.0,0,11.0,4.0,0
2758,7.0,1,2.0,2.0,1,5.0,2.0,1
1775,5.0,1,2.0,2.0,1,6.268862911795962,0.0,1
603,10.0,1,2.0,2.0,1,5.0,2.0,1
317,4.505816002819881,0,3.0,6.0,0,4.0,8.0,0
1908,0.0,0,7.0,3.0,0,12.0,4.0,0
2785,5.0,1,2.0,2.0,0,1.0,2.0,1
2381,2.0,0,6.0,5.0,0,15.0,4.0,0
2331,2.0,0,8.0,4.0,0,9.0,8.0,0
1344,11.0,1,2.0,1.0,1,3.0,1.0,0
2701,1.0,0,6.0,5.0,0,10.0,8.0,0
2066,6.0,1,3.0,0.0,1,2.0,0.0,1
1708,3.0,0,4.0,3.0,0,15.0,9.0,0
1454,2.0,0,9.0,6.0,0,9.0,6.0,0
1003,0.0,0,9.0,4.0,0,13.0,8.0,1
1203,2.0,0,9.0,4.0,0,11.0,7.0,0
2084,0.0,0,9.0,3.0,0,13.0,4.0,0
1872,5.0,1,1.0,1.0,1,5.0,0.0,1
1329,11.0,1,2.0,2.0,1,4.0,2.0,1
1614,3.0,0,7.0,3.0,0,9.0,4.0,0
1568,7.0,1,1.0,1.0,1,3.0,0.0,1
1799,3.0,0,4.0,6.0,0,14.0,6.0,0
1507,0.0,0,4.0,3.0,0,14.0,9.0,0
491,2.0,0,9.0,6.0,0,14.0,4.0,0
1302,0.0,0,6.0,4.0,0,7.0,5.0,0
2611,8.0,1,2.0,2.0,1,5.0,1.0,1
972,3.0,0,3.963354474982382,6.0,0,10.0,6.0,0
1388,0.0,0,7.0,6.0,0,8.0,4.0,0
1529,7.0,1,1.0,1.0,1,2.0,1.0,0
2318,0.0,0,7.0,5.0,0,10.0,4.0,0
57,2.0,0,10.0,6.0,0,10.0,9.0,0
2724,1.0,0,5.0,6.0,0,13.0,6.0,0
615,1.0,0,8.0,5.0,0,11.0,9.0,0
1836,4.0,1,0.0,1.0,0,6.268862911795962,0.0,1
2179,2.0,0,6.0,6.0,0,8.0,5.0,0
920,2.0,0,9.0,4.0,0,12.0,6.0,0
185,10.0,1,1.0,0.0,1,0.0,3.0,1
933,4.0,1,0.0,1.0,1,4.0,1.0,1
1199,3.0,0,5.0,7.0,0,11.0,3.0,1
499,3.0,0,6.0,7.0,0,12.0,4.0,0
1016,0.0,0,5.0,4.0,0,12.0,5.0,0
2307,6.0,1,2.0,0.0,1,2.0,0.0,1
476,3.0,0,4.0,7.0,0,6.0,6.0,0
702,2.0,0,9.0,7.0,0,7.0,9.0,0
161,6.0,1,3.0,0.0,1,5.0,0.0,1
392,2.0,0,4.0,7.0,0,9.0,4.0,0
525,11.0,1,3.0,1.0,1,0.0,2.0,1
2526,8.0,0,3.0,3.0,1,5.0,0.0,1
526,4.505816002819881,1,3.0,2.0,1,5.0,0.0,1
2024,1.0,0,8.0,5.0,0,8.0,9.0,0
1674,2.0,0,9.0,5.0,0,11.0,3.0,0
2070,9.0,1,0.0,2.0,1,3.0,1.0,1
1154,1.0,0,6.0,6.0,0,6.0,6.0,0
2321,3.0,0,5.0,6.0,0,15.0,5.0,0
2809,2.0,0,8.0,3.0,0,14.0,4.0,0
1627,4.505816002819881,1,3.0,0.0,1,2.0,3.564726631393298,1
2229,5.0,1,0.0,2.0,1,5.0,1.0,1
1753,10.0,1,3.0,1.0,1,3.0,2.0,1
318,0.0,0,3.0,5.0,0,7.0,3.0,0
1430,2.0,0,7.0,4.0,0,10.0,4.0,0
1081,7.0,1,0.0,0.0,1,4.0,2.0,1
359,0.0,0,4.0,6.0,0,4.0,8.0,0
2354,10.0,1,2.0,2.0,1,2.0,0.0,1
71,1.0,0,3.963354474982382,5.0,0,11.0,8.0,0
344,2.0,0,6.0,4.0,0,7.0,5.0,0
188,7.0,1,2.0,1.0,1,1.0,2.0,1
1738,2.0,0,9.0,4.0,0,6.268862911795962,8.0,0
2234,1.0,0,5.0,3.0,0,6.0,7.0,0
2732,11.0,1,1.0,2.0,1,2.0,2.0,1
149,1.0,0,4.0,7.0,0,10.0,7.0,0
1831,0.0,0,5.0,3.0,0,15.0,5.0,0
1097,4.505816002819881,0,4.0,6.0,0,7.0,9.0,0
1864,0.0,0,4.0,5.0,0,9.0,6.0,0
1525,8.0,1,0.0,2.0,1,3.0,2.0,1
1159,10.0,1,2.0,0.0,1,3.0,1.0,1
1074,1.0,0,7.0,7.0,0,14.0,4.0,0
1820,1.0,0,3.963354474982382,5.0,0,6.0,9.0,0
1350,3.0,0,4.0,7.0,0,12.0,9.0,0
1390,9.0,1,1.0,1.0,1,2.0,2.0,1
1481,1.0,0,6.0,3.0,0,10.0,8.0,0
1852,5.0,1,3.0,3.0,1,1.0,0.0,1
744,9.0,1,0.0,0.0,1,5.0,0.0,1
1098,7.0,1,3.0,0.0,1,4.0,1.0,1
1434,0.0,0,4.0,6.0,0,6.0,6.0,0
883,2.0,0,8.0,6.0,0,14.0,3.0,1
251,4.0,1,2.0,0.0,1,1.0,1.0,1
346,0.0,0,3.0,5.0,0,4.0,7.0,0
1342,0.0,0,5.0,7.0,0,12.0,9.0,0
2083,2.0,0,5.0,3.0,0,12.0,4.0,0
1845,1.0,0,6.0,5.0,0,6.268862911795962,9.0,0
675,6.0,1,2.0,2.0,1,5.0,1.0,1
1440,7.0,1,1.0,0.0,1,5.0,0.0,1
1719,11.0,1,1.0,0.0,1,2.0,2.0,1
242,4.0,1,1.0,1.0,1,2.0,2.0,1
1291,4.0,1,1.0,0.0,1,1.0,2.0,1
2454,2.0,0,8.0,3.0,0,10.0,8.0,0
2156,0.0,0,6.0,3.0,0,6.268862911795962,7.0,0
2803,2.0,0,4.0,5.0,0,5.0,7.0,0
2708,6.0,1,2.0,0.0,1,5.0,1.0,1
2692,1.0,0,7.0,5.0,0,12.0,3.0,0
1137,6.0,1,1.0,0.0,1,4.0,2.0,0
1967,10.0,1,1.0,0.0,1,5.0,1.0,1
94,1.0,0,8.0,6.0,0,9.0,6.0,0
644,11.0,1,3.0,2.0,1,4.0,0.0,1
983,4.0,1,2.0,0.0,1,4.0,0.0,1
2421,5.0,0,2.0,1.0,1,3.0,1.0,1
2576,3.0,0,4.0,3.0,0,14.0,8.0,0
1544,10.0,1,3.0,2.0,1,1.0,2.0,1
155,8.0,1,1.0,2.0,1,3.0,3.0,1
1225,4.0,1,1.0,1.0,1,5.0,1.0,1
1021,10.0,1,1.0,2.0,1,4.0,1.0,1
122,3.0,0,5.0,7.0,0,8.0,4.0,0
2509,5.0,1,3.0,2.0,1,2.0,2.0,1
2238,0.0,0,5.0,5.0,0,6.268862911795962,4.0,0
584,11.0,1,2.0,1.0,1,1.0,2.0,1
150,7.0,1,2.0,2.0,1,3.0,2.0,1
2541,4.505816002819881,1,3.0,1.0,1,4.0,2.0,1
631,10.0,1,3.0,1.0,1,2.0,1.0,1
1365,11.0,1,1.0,1.0,1,0.0,1.0,1
2559,8.0,1,2.0,0.0,1,5.0,0.0,1
2027,1.0,0,9.0,3.0,0,9.0,5.0,0
2720,11.0,1,0.0,1.0,1,3.0,1.0,1
1737,3.0,0,9.0,3.0,0,6.268862911795962,5.0,0
2510,2.0,0,4.0,3.0,0,8.0,8.0,0
429,1.0,0,9.0,6.0,0,14.0,9.0,0
2473,10.0,1,0.0,1.0,1,1.0,2.0,1
2837,2.0,0,5.0,4.0,0,6.0,7.0,0
2089,7.0,1,2.0,0.0,1,3.0,1.0,1
481,11.0,1,2.0,1.0,1,0.0,1.0,1
1147,1.0,0,4.0,5.0,0,13.0,5.0,0
2771,5.0,1,0.0,2.0,1,1.0,2.0,1
2674,3.0,0,9.0,3.0,0,9.0,8.0,0
345,2.0,0,6.0,4.0,0,5.0,9.0,0
1183,11.0,1,1.0,1.0,1,0.0,2.0,1
1949,0.0,0,5.0,3.0,0,14.0,5.0,0
1166,9.0,1,0.0,0.0,1,3.0,2.0,1
622,6.0,1,3.0,1.0,1,2.0,0.0,1
1263,1.0,0,9.0,4.0,0,9.0,7.0,0
2068,10.0,1,0.0,1.0,1,4.0,2.0,1
564,1.0,0,6.0,4.0,0,10.0,9.0,0
93,3.0,0,5.0,5.0,0,8.0,5.0,0
668,0.0,0,6.0,6.0,0,8.0,8.0,0
2489,4.505816002819881,1,0.0,1.0,1,3.0,1.0,1
1283,3.0,0,6.0,7.0,0,6.0,9.0,0
906,5.0,1,3.0,0.0,0,1.0,2.0,1
1160,1.0,0,5.0,7.0,0,6.0,9.0,0
456,4.0,1,0.0,2.0,1,1.0,0.0,1
535,8.0,1,0.0,1.0,1,1.0,2.0,1
2556,11.0,1,2.0,2.0,1,4.0,2.0,1
2428,11.0,1,2.0,1.0,1,3.0,1.0,1
2731,1.0,0,8.0,3.0,0,7.0,9.0,0
1488,3.0,0,7.0,4.0,0,12.0,5.0,0
455,2.0,0,6.0,7.0,0,12.0,6.0,0
360,2.0,0,5.0,4.0,0,8.0,3.0,0
2472,9.0,1,0.0,0.0,1,5.0,2.0,1
407,10.0,1,3.0,0.0,1,2.0,0.0,1
2206,1.0,0,4.0,6.0,0,6.0,7.0,0
279,7.0,1,2.0,2.0,1,3.0,1.0,1
391,0.0,0,3.0,6.0,0,8.0,6.0,0
719,1.0,0,5.0,4.0,0,14.0,3.0,0
609,2.0,0,4.0,4.0,0,7.0,9.0,0
2198,0.0,0,7.0,5.0,0,8.0,3.0,0
2501,2.0,0,5.0,4.0,0,5.0,9.0,0
585,4.0,1,0.0,0.0,1,3.0,1.0,1
496,2.0,0,7.0,5.0,0,9.0,8.0,0
2355,9.0,1,3.0,0.0,1,5.0,0.0,1
2532,7.0,1,1.0,0.0,1,2.0,1.0,1
1376,8.0,1,2.0,0.0,1,2.0,0.0,0
1471,5.0,1,0.0,1.0,1,3.0,1.0,1
1475,3.0,0,7.0,3.0,0,8.0,6.0,0
2326,4.0,1,3.0,1.0,1,3.0,1.0,1
1848,6.0,1,1.0,0.0,1,2.0,0.0,1
1044,0.0,0,5.0,7.0,0,10.0,6.0,0
1565,2.0,0,7.0,4.0,0,12.0,4.0,0
1071,1.0,0,6.0,7.0,0,8.0,9.0,0
2007,5.0,1,1.0,0.0,1,5.0,1.0,1
1940,8.0,1,0.0,0.0,1,4.0,0.0,0
1048,7.0,1,3.0,0.0,1,3.0,0.0,0
83,7.0,1,1.0,0.0,0,3.0,1.0,1
310,1.0,0,4.0,3.0,0,6.268862911795962,5.0,0
1582,1.0,0,8.0,3.0,0,6.0,8.0,0
991,4.0,1,1.0,2.0,1,1.0,2.0,1
119,3.0,0,8.0,4.0,0,12.0,4.0,0
1198,7.0,1,2.0,0.0,1,0.0,2.0,1
1589,7.0,1,1.0,2.0,1,5.0,2.0,1
890,6.0,1,2.0,0.0,1,4.0,2.0,1
1172,11.0,1,0.0,1.0,1,3.0,0.0,0
1546,1.0,0,9.0,3.0,0,8.0,5.0,0
1246,11.0,1,0.0,1.0,1,4.0,0.0,1
338,3.0,0,4.0,7.0,0,7.0,7.0,0
1656,1.0,0,5.0,5.0,0,11.0,3.0,0
2225,0.0,0,5.0,3.0,0,9.0,5.0,0
157,2.0,0,6.0,7.0,0,11.0,10.0,0
898,6.0,1,2.0,2.0,1,3.0,1.0,1
375,0.0,0,6.0,5.0,0,5.0,5.0,0
943,9.0,1,1.0,0.0,1,2.0,1.0,1
2211,0.0,0,4.0,6.0,0,6.0,6.0,0
1462,1.0,0,4.0,4.0,0,10.0,3.564726631393298,0
1403,2.0,0,9.0,4.0,0,6.0,6.0,0
1760,7.0,1,3.0,1.0,1,2.0,1.0,1
2093,8.0,1,0.0,1.0,1,4.0,2.0,1
1736,0.0,0,9.0,3.0,0,11.0,4.0,0
2120,1.0,0,7.0,3.0,0,15.0,4.0,0
2563,2.0,0,9.0,5.0,0,14.0,6.0,0
1528,7.0,1,0.0,2.0,1,1.0,2.0,1
1851,0.0,0,5.0,3.0,0,5.0,8.0,0
2450,2.0,0,8.0,3.0,0,6.0,7.0,0
963,10.0,1,1.0,2.0,1,4.0,2.0,1
1094,1.0,0,5.0,5.0,0,10.0,5.0,0
929,9.0,0,0.0,2.0,1,3.0,0.0,1
2508,0.0,0,4.0,5.0,0,11.0,5.0,0
1211,6.0,1,1.0,2.0,1,3.0,2.0,0
1218,0.0,0,6.0,7.0,0,14.0,8.0,0
1096,1.0,0,5.0,5.0,0,8.0,6.0,0
1965,3.0,0,4.0,3.0,0,9.0,7.0,0
2831,3.0,0,5.0,6.0,0,12.0,5.0,0
616,3.0,0,7.0,5.0,0,13.0,9.0,0
783,6.0,1,3.0,1.0,1,2.0,1.0,1
90,5.0,1,1.0,3.0,1,4.0,0.0,1
1493,1.0,0,5.0,6.0,0,12.0,7.0,0
1648,0.0,0,8.0,3.0,0,8.0,5.0,0
442,5.0,1,3.0,2.0,1,2.0,1.0,1
504,4.0,1,3.0,0.0,1,4.0,1.0,1
679,3.0,0,4.0,5.0,0,11.0,5.0,0
457,2.0,0,7.0,4.0,0,14.0,4.0,0
2319,7.0,1,0.0,2.0,1,2.0,0.0,1
2169,0.0,0,9.0,3.0,0,10.0,3.564726631393298,0
2044,2.0,0,8.0,5.0,0,13.0,7.0,1
1400,11.0,1,1.0,1.0,1,4.0,0.0,1
2592,2.0,0,8.0,5.0,0,13.0,7.0,1
1141,0.0,0,9.0,5.0,0,11.0,3.0,0
814,9.0,1,3.0,2.0,1,5.0,1.0,1
302,3.0,0,4.0,4.0,0,7.0,5.0,0
1175,9.0,1,3.0,1.0,1,2.0,2.0,1
1450,1.0,0,4.0,3.0,0,6.0,5.0,0
1320,2.0,0,7.0,7.0,0,10.0,8.0,0
2448,1.0,0,9.0,4.0,0,10.0,5.0,0
2136,7.0,1,1.0,2.0,1,1.0,2.0,1
1269,4.505816002819881,1,1.0,0.0,1,3.0,2.0,0
1138,7.0,1,2.0,2.0,1,3.0,1.0,1
2103,10.0,1,1.0,0.0,1,5.0,2.0,1
386,0.0,0,3.963354474982382,4.0,0,7.0,4.0,0
1243,2.0,0,6.0,4.0,0,6.0,9.0,0
1969,9.0,1,0.0,2.0,1,1.0,0.0,1
2382,10.0,1,2.0,0.0,1,5.0,0.0,1
1133,4.0,1,0.0,0.0,1,3.0,2.0,1
2768,10.0,1,0.0,0.0,1,4.0,1.0,1
371,1.0,0,4.0,6.0,0,6.0,9.0,0
2845,4.0,1,0.0,2.0,1,5.0,2.0,1
1942,5.0,1,1.0,2.0,1,3.0,2.0,1
597,5.0,1,0.0,2.0,1,0.0,1.0,1
2449,4.505816002819881,1,1.0,2.0,1,3.0,1.0,1
2694,3.0,0,5.0,4.0,0,10.0,6.0,0
2268,3.0,0,6.0,3.0,0,8.0,7.0,0
177,2.0,0,8.0,6.0,0,13.0,10.0,0
1104,7.0,1,2.0,1.0,1,2.0,2.0,1
2693,0.0,0,4.0,5.0,0,14.0,7.0,0
2835,1.0,0,8.0,5.0,0,11.0,8.0,1
397,0.0,0,6.0,5.0,0,4.0,3.0,0
2499,2.0,0,9.0,6.0,0,8.0,6.0,1
907,8.0,1,3.0,1.0,1,2.0,2.0,1
2776,5.0,1,1.0,0.0,1,5.0,2.0,1
2691,6.0,1,1.0,1.0,1,4.0,0.0,1
2049,1.0,0,6.0,5.0,0,10.0,4.0,0
1287,7.0,1,3.963354474982382,1.0,1,0.0,2.0,1
2790,5.0,1,2.0,2.0,1,3.0,2.0,1
2483,8.0,1,1.0,0.0,1,1.0,0.0,0
1445,3.0,0,9.0,3.0,0,8.0,6.0,0
1391,10.0,1,2.0,0.0,1,5.0,2.0,1
2478,0.0,0,8.0,7.0,0,13.0,9.0,1
1231,5.0,1,0.0,2.0,1,3.0,1.0,1
2659,3.0,0,9.0,5.0,0,8.0,3.564726631393298,0
873,4.0,1,2.0,2.0,1,5.0,0.0,0
2772,4.505816002819881,0,7.0,6.0,0,11.0,7.0,0
95,3.0,0,7.0,6.0,0,11.0,10.0,0
1036,8.0,1,0.0,0.0,1,5.0,2.0,1
1107,0.0,0,7.0,7.0,0,6.0,9.0,0
105,0.0,0,6.0,7.0,0,12.0,9.0,0
494,9.0,1,2.0,1.0,1,2.0,0.0,1
912,2.0,0,7.0,6.0,0,14.0,8.0,1
356,0.0,0,4.0,5.0,0,9.0,4.0,0
1706,1.0,0,8.0,3.0,0,14.0,6.0,0
2679,0.0,0,4.0,5.0,0,13.0,9.0,0
2300,8.0,1,3.0,0.0,1,4.0,1.0,1
2104,5.0,1,1.0,0.0,1,4.0,0.0,1
1610,3.0,0,5.0,4.0,0,9.0,5.0,0
2292,0.0,0,7.0,3.0,0,8.0,5.0,0
213,9.0,1,1.0,1.0,1,2.0,0.0,1
307,0.0,0,6.0,6.0,0,9.0,4.0,0
1164,5.0,1,2.0,0.0,1,0.0,1.0,1
1713,3.0,0,8.0,5.0,0,14.0,3.0,0
981,1.0,0,4.0,6.0,0,6.0,6.0,0
1934,2.0,0,7.0,3.0,0,15.0,3.0,0
1065,1.0,0,6.0,4.0,0,12.0,8.0,0
292,4.0,1,0.0,0.0,1,1.0,0.0,1
986,11.0,1,1.0,2.0,1,5.0,2.0,1
1809,5.0,1,3.0,1.0,1,1.0,2.0,1
1689,3.0,0,8.0,4.0,0,15.0,4.0,0
1800,6.0,1,1.0,0.0,1,2.0,3.564726631393298,1
2871,3.0,0,5.0,4.0,0,7.0,4.0,0
887,1.0,0,7.0,4.0,0,14.0,6.0,0
2309,9.0,1,2.0,1.0,1,4.0,0.0,1
786,8.0,0,1.0,1.0,1,3.0,2.0,1
1139,7.0,1,0.0,2.0,1,5.0,1.0,1
763,7.0,1,1.0,0.0,1,1.0,2.0,1
2626,4.0,1,2.0,0.0,1,2.0,2.0,1
2734,3.0,0,3.963354474982382,4.0,0,7.0,4.0,0
1751,1.0,0,5.0,6.0,0,10.0,6.0,0
664,0.0,0,8.0,4.0,0,9.0,3.0,0
406,2.0,0,6.0,6.0,0,8.0,6.0,0
1531,5.0,1,0.0,0.0,1,1.0,1.0,1
1324,1.0,0,7.0,4.0,0,7.0,3.0,0
333,0.0,0,6.0,4.0,0,4.0,7.0,0
743,6.0,1,2.0,1.0,1,3.0,0.0,1
1859,0.0,0,7.0,7.0,0,14.0,8.0,1
366,0.0,0,7.0,7.0,0,9.0,3.0,0
1202,3.0,0,9.0,6.0,0,10.0,4.0,0
1121,0.0,0,6.0,7.0,0,12.0,3.0,0
2619,5.0,1,2.0,0.0,1,5.0,0.0,1
574,0.0,0,7.0,5.0,0,6.0,3.0,0
1690,7.0,1,2.0,0.0,1,1.0,0.0,1
2673,10.0,1,0.0,2.0,1,4.0,0.0,1
698,5.0,0,1.0,2.0,1,5.0,2.0,1
2021,6.0,1,1.0,0.0,1,1.0,1.0,1
314,0.0,0,3.0,7.0,0,6.0,3.0,0
543,3.0,0,4.0,6.0,0,12.0,3.0,0
511,5.0,1,3.0,2.0,1,1.0,1.0,1
1791,4.505816002819881,1,0.0,1.0,1,2.0,0.0,1
2388,8.0,1,0.0,2.0,1,4.0,0.0,1
205,8.0,0,0.0,3.0,1,3.0,2.0,1
1260,2.0,0,7.0,4.0,0,12.0,3.0,0
891,6.0,1,2.0,2.0,1,4.0,2.0,1
601,2.0,0,9.0,5.0,0,12.0,8.0,0
808,1.0,0,4.0,7.0,0,11.0,8.0,0
1728,10.0,1,2.0,1.0,1,4.0,1.0,1
1256,2.0,0,4.0,5.0,0,14.0,7.0,0
1077,0.0,0,5.0,7.0,0,8.0,8.0,0
834,8.0,1,0.0,1.0,1,0.0,2.0,1
379,1.0,0,7.0,5.0,0,6.0,5.0,0
1053,7.0,1,3.0,2.0,1,3.0,1.0,1
1943,2.0,0,8.0,6.0,0,7.0,4.0,0
1723,9.0,1,3.963354474982382,2.0,1,4.0,1.0,1
1562,1.0,0,9.0,6.0,0,13.0,9.0,0
2029,4.0,1,3.0,3.0,1,3.0,2.0,1
2492,2.0,0,8.0,3.0,0,15.0,7.0,0
1887,8.0,1,2.0,0.0,1,1.0,2.0,1
1700,4.0,1,2.0,0.0,1,5.0,1.0,1
2759,2.0,0,8.0,4.0,0,10.0,5.0,0
1975,7.0,1,2.0,2.0,1,4.0,1.0,0
2828,2.0,0,4.0,4.0,0,10.0,3.0,0
56,9.0,1,3.0,2.0,1,4.0,3.0,1
304,0.0,0,3.0,4.0,0,6.0,5.0,0
2894,0.0,0,9.0,3.0,0,12.0,3.564726631393298,0
2747,4.0,1,2.0,2.0,1,3.0,2.0,1
1634,6.0,1,3.963354474982382,3.0,1,3.0,1.0,1
2537,1.0,0,6.0,3.0,0,8.0,6.0,0
958,2.0,0,4.0,6.0,0,8.0,3.0,0
2891,6.0,1,3.0,1.0,1,5.0,1.0,1
2480,3.0,0,6.0,4.0,0,8.0,5.0,0
509,2.0,0,7.0,4.0,0,10.0,9.0,0
255,4.0,1,0.0,2.0,1,3.0,2.0,1
1372,1.0,0,9.0,6.0,0,14.0,7.0,0
826,1.0,0,6.0,6.0,0,14.0,6.0,0
2399,11.0,1,1.0,3.0,1,1.0,0.0,1
2325,4.0,1,2.0,1.0,0,2.0,2.0,1
566,11.0,1,2.0,0.0,1,2.0,0.0,1
2368,4.505816002819881,0,5.0,5.0,0,6.0,9.0,0
1067,9.0,1,1.0,0.0,1,1.0,0.0,1
373,1.0,0,4.0,5.0,0,6.0,5.0,0
1008,7.0,1,2.0,1.0,1,2.0,2.0,1
199,3.0,0,6.0,3.0,0,10.0,6.0,0
961,7.0,1,3.0,2.0,1,0.0,0.0,1
548,11.0,1,0.0,2.0,1,0.0,2.0,1
420,2.0,0,8.0,4.0,0,14.0,9.0,0
1469,1.0,0,5.0,6.0,0,11.0,5.0,0
117,5.0,1,0.0,2.0,1,0.0,2.0,1
2669,9.0,1,2.0,1.0,1,2.0,2.0,1
708,3.0,0,5.0,7.0,0,14.0,7.0,0
1116,6.0,1,1.0,2.0,1,5.0,2.0,1
2601,8.0,1,1.0,1.0,1,5.0,2.0,1
295,4.0,1,0.0,1.0,1,1.0,2.0,1
268,8.0,1,1.0,2.0,1,1.0,0.0,1
2722,2.0,0,6.0,3.0,0,11.0,7.0,0
2513,0.0,0,5.0,5.0,0,14.0,5.0,0
1735,10.0,1,1.0,2.0,1,3.0,0.0,1
2031,3.0,0,6.0,3.0,0,10.0,7.0,0
1464,9.0,1,0.0,3.0,1,5.0,1.0,1
78,8.0,1,0.0,1.0,1,5.0,0.0,1
1118,9.0,1,2.0,1.0,1,0.0,2.0,1
245,7.0,1,2.0,2.0,1,3.0,0.0,1
2335,8.0,1,0.0,3.0,1,5.0,2.0,1
1655,7.0,1,2.0,0.0,1,2.0,1.0,0
1519,3.0,0,9.0,5.0,0,11.0,6.0,0
2283,5.0,1,0.0,1.0,1,5.0,2.0,1
2085,11.0,1,2.0,2.0,1,4.0,0.0,0
610,7.0,1,2.0,1.0,1,1.0,2.0,1
2642,2.0,0,4.0,4.0,0,9.0,7.0,0
1803,4.505816002819881,0,7.0,3.0,0,15.0,7.0,0
2116,0.0,0,4.0,6.0,0,13.0,8.0,0
2641,2.0,0,7.0,6.0,0,9.0,7.0,0
730,1.0,0,5.0,7.0,0,12.0,3.0,0
1858,5.0,1,3.0,0.0,1,5.0,0.0,1
784,10.0,1,1.0,0.0,1,1.0,2.0,1
500,8.0,1,1.0,0.0,1,5.0,2.0,1
1639,8.0,0,0.0,0.0,1,1.0,0.0,1
2769,10.0,1,1.0,0.0,1,1.0,0.0,1
2425,3.0,0,4.0,6.0,0,11.0,5.0,0
2806,2.0,0,7.0,4.0,0,7.0,3.0,0
635,11.0,1,2.0,0.0,1,4.0,1.0,1
1587,2.0,0,4.0,6.0,0,11.0,7.0,0
86,4.0,0,9.0,4.0,0,8.0,10.0,0
473,11.0,1,2.0,2.0,1,1.0,0.0,1
1555,8.0,1,2.0,0.0,1,5.0,1.0,1
1882,4.0,1,2.0,1.0,1,3.0,1.0,1
636,3.0,0,9.0,6.0,0,6.268862911795962,7.0,0
2412,0.0,0,6.0,5.0,0,9.0,7.0,0
1545,9.0,1,2.0,1.0,1,5.0,1.0,1
2603,11.0,1,2.0,0.0,1,5.0,0.0,1
1438,3.0,0,5.0,4.0,0,5.0,5.0,0
865,11.0,1,1.0,0.0,1,3.0,1.0,1
411,5.0,1,3.0,2.0,1,3.0,2.0,0
1131,0.0,0,8.0,7.0,0,9.0,7.0,0
897,8.0,1,3.0,1.0,1,0.0,1.0,1
1294,10.0,1,3.0,1.0,1,5.0,0.0,1
695,3.0,0,3.963354474982382,4.0,0,11.0,8.0,0
917,6.0,1,3.0,1.0,1,5.0,1.0,1
2707,3.0,0,9.0,6.0,0,12.0,5.0,0
1671,2.0,0,7.0,6.0,0,12.0,7.0,0
2090,0.0,0,7.0,6.0,0,8.0,5.0,1
1189,7.0,1,0.0,2.0,1,5.0,1.0,0
1843,4.505816002819881,1,3.0,0.0,1,5.0,2.0,1
1332,9.0,1,3.0,2.0,1,1.0,2.0,1
1596,11.0,1,0.0,2.0,1,3.0,0.0,0
2890,8.0,1,2.0,0.0,1,1.0,2.0,1
2352,8.0,1,2.0,0.0,1,5.0,2.0,1
1414,8.0,1,1.0,1.0,1,1.0,0.0,1
2486,11.0,1,1.0,2.0,1,3.0,1.0,0
175,8.0,1,2.0,2.0,1,1.0,1.0,1
1019,4.0,1,1.0,1.0,1,0.0,1.0,1
795,6.0,1,3.0,1.0,1,5.0,1.0,1
454,3.0,0,6.0,7.0,0,8.0,4.0,0
70,8.0,1,3.0,3.0,1,4.0,0.0,1
2727,1.0,0,9.0,4.0,0,10.0,6.0,0
937,1.0,0,4.0,4.0,0,7.0,5.0,0
892,4.0,1,3.0,2.0,1,2.0,2.0,0
1663,0.0,0,9.0,6.0,0,15.0,6.0,0
1611,0.0,0,7.0,3.0,0,13.0,6.0,0
1559,0.0,0,5.0,6.0,0,9.0,6.0,0
2789,5.0,1,1.0,2.0,1,1.0,1.0,1
324,0.0,0,6.0,6.0,0,8.0,6.0,0
2638,2.0,0,7.0,3.0,0,11.0,7.0,0
1278,6.0,1,2.0,1.0,1,0.0,1.0,1
2617,2.0,0,5.0,4.0,0,8.0,7.0,0
2482,11.0,1,3.0,2.0,1,3.0,1.0,1
2154,5.0,1,0.0,0.0,1,3.0,0.0,1
2295,6.0,1,2.0,1.0,1,2.0,2.0,1
697,7.0,1,1.0,1.0,1,3.0,0.0,1
2203,4.505816002819881,0,5.0,3.0,0,15.0,3.0,0
713,4.505816002819881,1,3.0,2.0,1,3.0,0.0,1
521,10.0,1,3.0,1.0,1,4.0,1.0,1
788,1.0,0,4.0,5.0,0,13.0,5.0,0
439,2.0,0,9.0,4.0,0,9.0,7.0,0
1623,11.0,1,2.0,2.0,1,3.0,1.0,1
974,7.0,1,3.0,1.0,1,2.0,0.0,1
2259,6.0,1,3.963354474982382,2.0,1,1.0,1.0,1
2620,2.0,0,9.0,5.0,0,14.0,6.0,0
2615,8.0,1,3.963354474982382,1.0,1,2.0,0.0,1
451,9.0,1,3.0,0.0,1,3.0,1.0,1
477,7.0,1,1.0,0.0,1,5.0,0.0,1
2811,8.0,1,1.0,0.0,1,1.0,0.0,1
1029,1.0,0,6.0,6.0,0,8.0,3.0,0
2359,2.0,0,6.0,4.0,0,9.0,5.0,0
895,3.0,0,9.0,6.0,0,8.0,4.0,0
92,9.0,1,1.0,1.0,1,1.0,3.0,1
2884,11.0,1,0.0,2.0,1,3.0,1.0,1
2808,3.0,0,8.0,5.0,0,11.0,6.0,0
198,10.0,1,0.0,0.0,1,3.0,0.0,1
2893,9.0,0,2.0,0.0,1,4.0,2.0,1
1334,11.0,1,2.0,2.0,1,5.0,1.0,1
2034,0.0,0,8.0,6.0,0,11.0,5.0,1
1641,2.0,0,4.0,5.0,0,13.0,6.0,0
2364,4.0,1,1.0,2.0,1,2.0,1.0,1
2746,7.0,1,2.0,2.0,1,2.0,2.0,1
2251,3.0,0,4.0,3.0,0,12.0,3.0,0
288,7.0,1,1.0,2.0,1,2.0,0.0,1
278,7.0,1,0.0,0.0,1,6.268862911795962,1.0,1
1122,3.0,0,6.0,6.0,0,9.0,8.0,0
2367,1.0,0,8.0,7.0,0,9.0,5.0,1
2281,1.0,0,6.0,6.0,0,7.0,3.0,0
2032,3.0,0,9.0,6.0,0,15.0,6.0,0
1176,3.0,0,7.0,6.0,0,14.0,9.0,0
2553,3.0,0,6.0,4.0,0,10.0,7.0,0
756,2.0,0,8.0,5.0,0,7.0,3.0,0
2614,3.0,0,9.0,6.0,0,12.0,5.0,0
42,9.0,1,1.0,3.0,1,2.0,2.0,1
1855,0.0,0,7.0,5.0,0,11.0,9.0,0
765,0.0,0,6.0,4.0,0,7.0,6.0,0
2763,1.0,0,8.0,6.0,0,12.0,6.0,0
77,0.0,0,5.0,4.0,0,9.0,10.0,0
2097,1.0,0,9.0,6.0,0,10.0,9.0,0
648,1.0,0,5.0,4.0,0,6.0,8.0,0
232,8.0,1,1.0,0.0,1,1.0,1.0,1
1547,3.0,0,8.0,6.0,0,11.0,3.0,0
2602,5.0,1,1.0,2.0,1,4.0,0.0,1
1900,3.0,0,7.0,3.0,0,5.0,6.0,0
1425,3.0,0,6.0,4.0,0,13.0,8.0,0
2255,11.0,1,1.0,0.0,0,2.0,0.0,1
598,0.0,0,4.0,5.0,0,13.0,8.0,0
799,6.0,1,0.0,0.0,1,2.0,2.0,1
490,10.0,1,2.0,1.0,1,1.0,2.0,1
270,6.0,1,0.0,2.0,1,1.0,0.0,1
2686,11.0,1,1.0,2.0,1,2.0,2.0,1
1134,0.0,0,5.0,7.0,0,6.0,7.0,0
196,6.0,1,3.0,2.0,1,3.0,1.0,1
2534,2.0,0,5.0,3.0,0,14.0,5.0,0
2316,11.0,1,0.0,1.0,1,3.0,0.0,1
2072,7.0,1,1.0,1.0,1,2.0,2.0,1
2312,1.0,0,5.0,5.0,0,9.0,8.0,0
569,4.0,0,0.0,2.0,1,5.0,0.0,1
1333,5.0,0,3.0,0.0,1,4.0,0.0,1
398,2.0,0,4.0,5.0,0,7.0,3.0,0
577,9.0,1,1.0,2.0,1,2.0,1.0,1
15,0.0,0,4.0,4.0,0,8.0,8.0,0
377,3.0,0,3.0,5.0,0,4.0,6.0,0
580,3.0,0,8.0,4.0,0,7.0,5.0,0
163,6.0,1,3.0,3.0,1,1.0,0.0,1
607,10.0,1,1.0,1.0,1,5.0,0.0,1
1916,2.0,0,7.0,5.0,0,14.0,7.0,1
1667,0.0,0,4.0,3.0,0,12.0,7.0,0
2462,0.0,0,8.0,3.0,0,8.0,3.564726631393298,0
